http://www.chinanews.com/ty/2014/07-17/6399000.shtml,1
http://www.chinanews.com/shipin/cnstv/2014/07-14/news459991.shtml,1
http://www.chinanews.com/news/2005/2005-12-13/8/664477.shtml,1
http://www.chinanews.com/jk/2011/08-23/3277708.shtml,2
http://www.chinanews.com/kong/2014/07-18/6399123.shtml,3
http://www.chinanews.com/shipin/2014/07-17/news461953.shtml,1
http://www.chinanews.com/gj/2014/07-18/6399136.shtml,1
http://www.chinanews.com/gj/2014/07-18/6399221.shtml,13
http://www.chinanews.com/gn/2014/07-16/6393775.shtml,5
http://www.chinanews.com/mil/2014/07-17/6394925.shtml,1
http://www.chinanews.com/shipin/2014/07-17/news461591.shtml,2
http://www.chinanews.com/mil/2014/07-18/6399784.shtml,1
http://www.chinanews.com/tp/hd2011/2014/07-18/377830.shtml,3
http://www.chinanews.com/gn/2014/07-18/6400139.shtml,1
http://www.chinanews.com/gj/2014/07-18/6400212.shtml,1
http://www.chinanews.com/ty/2014/07-17/6399012.shtml,2
http://www.chinanews.com/yl/2014/07-17/6398896.shtml,2
http://www.chinanews.com/news/2005/2005-08-23/26/615187.shtml,1
http://www.chinanews.com/gj/2014/07-18/6400659.shtml,3
http://www.chinanews.com/gn/2014/07-18/6400482.shtml,2
http://www.chinanews.com/yl/2014/07-17/6395259.shtml,1
http://www.chinanews.com/sh/2014/07-18/6400856.shtml,1
http://www.chinanews.com/yl/2014/07-15/6388635.shtml,2
http://www.chinanews.com/tp/hd2011/2014/07-18/378028.shtml,1
http://www.chinanews.com/sh/2013/11-27/5554125.shtml,1
http://www.chinanews.com/sh/2014/07-16/6392510.shtml,1
http://www.chinanews.com/mil/hd2011/2014/07-18/378099.shtml,1
http://www.chinanews.com/yl/2012/11-14/4328464_3.shtml,1
http://www.chinanews.com/gj/2014/07-18/6399158.shtml,1
http://www.chinanews.com/gn/2014/07-18/6402912.shtml,3
http://www.chinanews.com/sh/2014/07-18/6402794.shtml,1
http://www.chinanews.com/gn/2014/07-18/6402977.shtml,1
http://www.chinanews.com/shipin/2014/07-18/news462388.shtml,1
http://www.chinanews.com/ty/2013/07-19/5063200.shtml,1
http://www.chinanews.com/tw/2014/07-18/6401404.shtml,1
http://www.chinanews.com/tw/2014/07-18/6399893.shtml,1
http://www.chinanews.com/gn/2014/07-18/6403287.shtml,1
http://www.chinanews.com/shipin/m/rd/rd-sh/views.shtml,1
http://www.chinanews.com/yl/2014/07-18/6400736.shtml,1
http://www.chinanews.com/ty/2013/02-22/4588178.shtml,1
http://www.chinanews.com/yl/2014/07-18/6403179.shtml,1
http://www.chinanews.com/yl/2014/07-18/6402418.shtml,1
http://www.chinanews.com/gj/2014/07-18/6399088.shtml,3
http://www.chinanews.com/gn/2013/08-23/5200923.shtml,1
http://www.chinanews.com/gn/2014/07-17/6398897.shtml,2
http://www.chinanews.com/kong/2014/07-18/6399089.shtml,1
http://www.chinanews.com/fz/2013/01-07/4466101.shtml,1
http://www.chinanews.com/gj/2014/07-17/6396000.shtml,1
http://www.chinanews.com/gn/2014/07-16/6394131.shtml,2
http://www.chinanews.com/tp/hd2011/2014/07-16/376566.shtml,1
http://www.chinanews.com/gn/2013/03-06/4619329.shtml,1
http://www.chinanews.com/mil/2014/07-15/6386753.shtml,1
http://www.chinanews.com/ty/2014/07-17/6395543.shtml,1
http://www.chinanews.com/sh/2014/05-19/6183090.shtml,1
http://www.chinanews.com/ty/2014/07-18/6400271.shtml,1
http://www.chinanews.com/hwjy/news/2010/03-31/2200961.shtml,1
http://www.chinanews.com/yl/dyzx/news/2007/08-27/1011114.shtml,1
http://www.chinanews.com/gn/2014/07-18/6401586.shtml,1
http://www.chinanews.com/fz/2014/07-18/6401996.shtml,1
http://www.chinanews.com/yl/2014/07-18/6401848.shtml,1
http://www.chinanews.com/yl/2014/07-18/6399543.shtml,1
http://www.chinanews.com/yl/2012/11-14/4328464_4.shtml,1
http://www.chinanews.com/gn/2014/07-18/6402877.shtml,3
http://www.chinanews.com/df/2011/09-24/3351293.shtml,1
http://www.chinanews.com/shipin/2014/07-18/news462585.shtml,2
http://www.chinanews.com/fz/2013/07-28/5092887.shtml,1
http://www.chinanews.com/shipin/2014/07-18/news462153.shtml,1
http://www.chinanews.com/gn/2014/07-18/6403050.shtml,1
http://www.chinanews.com/ty/2014/07-18/6403060.shtml,1
http://www.chinanews.com/gn/2014/07-18/6402950.shtml,1
http://www.chinanews.com/fz/2014/07-18/6403123.shtml,1
http://www.chinanews.com/gn/2014/07-17/6398189.shtml,1
http://www.chinanews.com/gj/2014/07-18/6403273.shtml,3
http://www.chinanews.com/sh/2014/07-18/6399492.shtml,1
http://www.chinanews.com/life/2014/07-10/6371035.shtml,1
http://www.chinanews.com/gn/2014/07-18/6402946.shtml,1
http://www.chinanews.com/tp/hd2011/2014/07-18/378295.shtml,3
http://www.chinanews.com/fz/2012/09-10/4172919.shtml,1
http://www.chinanews.com/ty/2014/07-14/6381136.shtml,1
http://www.chinanews.com/gj/2014/07-17/6399083.shtml,1
http://www.chinanews.com/tp/hd2011/2014/07-18/377783.shtml,1
http://www.chinanews.com/gj/2010/12-17/2729156.shtml,1
http://www.chinanews.com/gj/2014/07-18/6399151.shtml,1
http://www.chinanews.com/tp/hd2011/2014/07-17/377754.shtml,4
http://www.chinanews.com/gn/2014/07-18/6399209.shtml,1
http://www.chinanews.com/yl/2014/07-17/6397944.shtml,1
http://www.chinanews.com/gj/2014/07-18/6399175.shtml,2
http://www.chinanews.com/gn/2014/07-18/6399338.shtml,2
http://www.chinanews.com/mil/2014/07-11/6378520.shtml,1
http://www.chinanews.com/gj/2014/07-18/6399375.shtml,1
http://www.chinanews.com/tp/hd2011/2014/07-17/377702.shtml,2
http://www.chinanews.com/shipin/cnstv/2014/07-11/news458777.shtml,5
http://www.chinanews.com/fz/2014/07-17/6396569.shtml,1
http://www.chinanews.com/tp/hd2011/2014/07-17/377698.shtml,1
http://www.chinanews.com/tp/hd2011/2014/07-17/377472.shtml,1
http://www.chinanews.com/sh/2014/07-17/6396567.shtml,1
http://www.chinanews.com/entertainment/index.shtml,1
http://www.chinanews.com/gn/2014/07-18/6400264.shtml,2
http://www.chinanews.com/shipin/2014/07-17/news461710.shtml,1
http://www.chinanews.com/shipin/cnstv/2014/07-16/news461093.shtml,2
http://www.chinanews.com/mil/2013/04-19/4746847.shtml,1
http://www.chinanews.com/mil/2014/07-18/6401282.shtml,2
http://www.chinanews.com/cul/2014/07-17/6398969.shtml,3
http://www.chinanews.com/shipin/2014/07-18/news462361.shtml,2
http://www.chinanews.com/sh/2014/07-18/6399800.shtml,1
http://www.chinanews.com/shipin/2014/07-18/news462328.shtml,1
http://www.chinanews.com/shipin/2014/07-18/news462421.shtml,1
http://www.chinanews.com/shipin/m/rd/views.shtml,2
http://www.chinanews.com/gn/2014/07-18/6399192.shtml,1
http://www.chinanews.com/tp/2014/07-18/6401765.shtml,1
http://www.chinanews.com/gn/2014/07-18/6402675.shtml,1
http://www.chinanews.com/yl/2014/07-18/6402907.shtml,3
http://www.chinanews.com/sh/2014/07-18/6401977.shtml,1
http://www.chinanews.com/gn/2014/07-18/6403023.shtml,3
http://www.chinanews.com/gn/2014/07-18/6403121.shtml,1
http://www.chinanews.com/gn/2014/07-18/6403133.shtml,1
http://www.chinanews.com/gj/2014/07-18/6401210.shtml,2
http://www.chinanews.com/gj/2014/07-18/6403229.shtml,1
http://www.chinanews.com/gn/2014/07-18/6403213.shtml,5
http://www.chinanews.com/yl/2014/07-15/6388397.shtml,1
http://www.chinanews.com/yl/2014/07-18/6402983.shtml,1
http://www.chinanews.com/tw/2014/07-18/6400440.shtml,1
http://www.chinanews.com/gn/2014/07-18/6403282.shtml,1
http://www.chinanews.com/yl/2014/07-18/6401274.shtml,1
http://www.chinanews.com/jk/2012/06-26/3986320.shtml,1
http://www.chinanews.com/gj/2014/07-17/6397965.shtml,1
http://www.chinanews.com/gj/2014/07-18/6399093.shtml,2
http://www.chinanews.com/gj/2014/07-17/6399087.shtml,13
http://www.chinanews.com/shipin/2014/07-16/news461348.shtml,1
http://www.chinanews.com/gn/2014/07-17/6398892.shtml,10
http://www.chinanews.com/fz/2014/07-17/6394927.shtml,2
http://www.chinanews.com/gj/2014/07-17/6398281.shtml,1
http://www.chinanews.com/gj/2014/07-18/6399230.shtml,1
http://www.chinanews.com/yl/2014/07-04/6352450.shtml,1
http://www.chinanews.com/gj/2014/07-18/6399156.shtml,1
http://www.chinanews.com/tp/hd2011/2014/07-17/377746.shtml,1
http://www.chinanews.com/yl/2013/02-01/4541070.shtml,1
http://www.chinanews.com/yl/2012/10-25/4277682.shtml,1
http://www.chinanews.com/gn/2014/07-18/6400026.shtml,6
http://www.chinanews.com/gn/2014/07-18/6400222.shtml,1
http://www.chinanews.com/yl/2014/07-18/6400563.shtml,4
http://www.chinanews.com/yl/2014/07-18/6399481_3.shtml,1
http://www.chinanews.com/yl/2014/07-18/6399481_2.shtml,1
http://www.chinanews.com/gj/z/html/Area51_acknowledged.shtml,1
http://www.chinanews.com/gj/2014/07-18/6401440.shtml,1
http://www.chinanews.com/tp/hd2011/2014/07-10/373542.shtml,2
http://www.chinanews.com/gn/2014/07-18/6402622.shtml,1
http://www.chinanews.com/tw/2014/07-18/6402175.shtml,3
http://www.chinanews.com/yl/2012/11-14/4328464_5.shtml,1
http://www.chinanews.com/cj/2010/12-22/2738895.shtml,1
http://www.chinanews.com/edu/2014/07-18/6400012.shtml,1
http://www.chinanews.com/fz/2014/07-18/6402696.shtml,1
http://www.chinanews.com/hwjy/2011/09-02/3303586.shtml,1
http://www.chinanews.com/iframe/mood/2010/com/index.shtml,1
http://www.chinanews.com/gn/2014/07-18/6402274.shtml,2
http://www.chinanews.com/gn/2014/07-18/6403038.shtml,1
http://www.chinanews.com/tw/2014/07-18/6403029.shtml,2
http://www.chinanews.com/sh/2014/05-16/6179347.shtml,1
http://www.chinanews.com/mil/2014/07-18/6403146.shtml,1
http://www.chinanews.com/cul/2014/07-18/6399513.shtml,1
http://www.chinanews.com/gj/2014/07-17/6394566.shtml,1
http://www.chinanews.com/gj/2014/07-18/6403320.shtml,1
http://www.chinanews.com/cj/2014/03-18/5965203.shtml,1
http://www.chinanews.com/gj/2014/07-18/6399103.shtml,1
http://www.chinanews.com/gj/2014/07-18/6399106.shtml,4
http://www.chinanews.com/sh/2014/07-18/6399137.shtml,1
http://www.chinanews.com/fz/2014/07-17/6395074.shtml,1
http://www.chinanews.com/shipin/2014/07-18/news462140.shtml,3
http://www.chinanews.com/fz/2014/03-30/6008552.shtml,1
http://www.chinanews.com/tp/hd2011/2014/07-17/377703.shtml,2
http://www.chinanews.com/gj/2014/07-18/6399162.shtml,1
http://www.chinanews.com/tp/hd2011/2014/07-17/377701.shtml,1
http://www.chinanews.com/df/2014/07-15/6389180.shtml,1
http://www.chinanews.com/tw/2014/07-17/6398275.shtml,1
http://www.chinanews.com/gn/news/2010/06-07/2326491.shtml,1
http://www.chinanews.com/sh/2014/07-18/6400230.shtml,2
http://www.chinanews.com/cj/2014/07-18/6399347.shtml,1
http://www.chinanews.com/ty/2014/07-18/6400317.shtml,1
http://www.chinanews.com/ty/2014/07-18/6400255.shtml,1
http://www.chinanews.com/hr/2013/06-18/4938884.shtml,1
http://www.chinanews.com/yl/2014/07-17/6398546.shtml,1
http://www.chinanews.com/gn/2014/07-18/6400459.shtml,1
http://www.chinanews.com/df/2013/07-23/5075543.shtml,1
http://www.chinanews.com/fz/2010/08-01/2438386.shtml,1
http://www.chinanews.com/sh/2014/07-18/6400674.shtml,1
http://www.chinanews.com/gj/2014/07-18/6399476.shtml,1
http://www.chinanews.com/gj/2014/07-18/6401473.shtml,1
http://www.chinanews.com/sh/2014/07-18/6400991.shtml,1
http://www.chinanews.com/tp/hd2011/2014/07-18/377788.shtml,1
http://www.chinanews.com/ny/2014/06-17/6287679.shtml,1
http://www.chinanews.com/tp/hd2011/2014/07-18/378189.shtml,1
http://www.chinanews.com/gj/2014/07-18/6402039.shtml,1
http://www.chinanews.com/china.shtml,3
http://www.chinanews.com/sh/2014/07-18/6401422.shtml,1
http://www.chinanews.com/fz/2014/07-18/6401090.shtml,1
http://www.chinanews.com/sh/2014/07-18/6399457.shtml,1
http://www.chinanews.com/fz/2014/07-18/6403076.shtml,2
http://www.chinanews.com/fz/2014/07-14/6384974.shtml,1
http://www.chinanews.com/gn/2014/07-18/6403252.shtml,3
http://www.chinanews.com/gj/2014/07-18/6403215.shtml,2
http://www.chinanews.com/yl/2014/07-10/6370044.shtml,1
http://www.chinanews.com/sh/2014/07-18/6403144.shtml,2
http://www.chinanews.com/jk/news/2010/06-15/2345409.shtml,1
http://www.chinanews.com/gj/2014/07-17/6399084.shtml,1
http://www.chinanews.com/gj/2014/07-17/6398684.shtml,1
http://www.chinanews.com/tw/2014/07-17/6397588.shtml,2
http://www.chinanews.com/shipin/2013/08-21/news277735.shtml,1
http://www.chinanews.com/gj/gj-oz/news/2010/04-13/2221450.shtml,1
http://www.chinanews.com/gj/2014/07-16/6389871.shtml,1
http://www.chinanews.com/shipin/2014/07-17/news461450.shtml,1
http://www.chinanews.com/gj/2014/07-18/6399205.shtml,2
http://www.chinanews.com/life/2014/07-16/6392021.shtml,1
http://www.chinanews.com/tp/hd2011/2014/07-17/377512.shtml,1
http://www.chinanews.com/shipin/cnstv/2014/03-07/news389945.shtml,1
http://www.chinanews.com/tp/hd2011/2014/06-26/367360.shtml,1
http://www.chinanews.com/df/2014/03-15/5954962.shtml,1
http://www.chinanews.com/jk/2014/06-30/6334774.shtml,1
http://www.chinanews.com/gj/2014/07-18/6399226.shtml,4
http://www.chinanews.com/shipin/2014/07-18/news462299.shtml,6
http://www.chinanews.com/fz/2014/07-02/6344610.shtml,1
http://www.chinanews.com/ty/2013/09-30/5338200.shtml,1
http://www.chinanews.com/tw/2014/07-18/6401262.shtml,1
http://www.chinanews.com/ty/2014/07-18/6400532.shtml,2
http://www.chinanews.com/gn/2014/07-17/6398865.shtml,1
http://www.chinanews.com/auto/auto-cq/news/2010/03-24/2186535.shtml,1
http://www.chinanews.com/yl/2013/08-01/5113662.shtml,1
http://www.chinanews.com/gn/2014/07-18/6402479.shtml,1
http://www.chinanews.com/sh/2014/07-17/6397377.shtml,1
http://www.chinanews.com/gj/2014/07-18/6402961.shtml,1
http://www.chinanews.com/gn/2014/07-18/6402979.shtml,1
http://www.chinanews.com/gj/2014/07-18/6399231.shtml,1
http://www.chinanews.com/yl/2014/07-18/6403222.shtml,1
http://www.chinanews.com/sh/2014/07-18/6400711.shtml,1
http://www.chinanews.com/cj/2014/07-18/6402001.shtml,1
http://www.chinanews.com/yl/2014/07-14/6384776.shtml,1
http://www.chinanews.com/gj/2014/03-06/5920682.shtml,1
http://www.chinanews.com/yl/2014/06-20/6303986.shtml,1
http://www.chinanews.com/iframe/mood/2012.shtml,83
http://www.chinanews.com/gj/2014/07-18/6399126.shtml,1
http://www.chinanews.com/gj/2014/07-18/6399125.shtml,1
http://www.chinanews.com/shipin/2014/07-17/news461731.shtml,2
http://www.chinanews.com/gj/2014/07-18/6399406.shtml,1
http://www.chinanews.com/gj/2014/07-18/6399366.shtml,1
http://www.chinanews.com/mil/2013/08-01/5108923.shtml,1
http://www.chinanews.com/tp/hd2011/2014/07-17/377655.shtml,1
http://www.chinanews.com/sh/2014/07-17/6398615.shtml,1
http://www.chinanews.com/ent/index.shtml,1
http://www.chinanews.com/hb/2014/07-17/6396419.shtml,1
http://www.chinanews.com/shipin/cnstv/2014/07-16/news461423.shtml,2
http://www.chinanews.com/it/2014/07-17/6394496.shtml,1
http://www.chinanews.com/gj/2014/07-18/6399159.shtml,6
http://www.chinanews.com/yl/2014/07-18/6400704.shtml,2
http://www.chinanews.com/yl/2014/07-18/6399481.shtml,1
http://www.chinanews.com/gn/2014/07-18/6401483.shtml,2
http://www.chinanews.com/shipin/2014/07-18/news462626.shtml,1
http://www.chinanews.com/sh/2014/07-18/6402399.shtml,1
http://www.chinanews.com/it/2014/07-11/6378095.shtml,1
http://www.chinanews.com/fz/2014/07-17/6398718.shtml,1
http://www.chinanews.com/yl/2014/07-18/6402728.shtml,3
http://www.chinanews.com/sh/2014/07-18/6402387.shtml,2
http://www.chinanews.com/gn/2014/07-18/6402897.shtml,1
http://www.chinanews.com/hr/2014/07-18/6402816.shtml,2
http://www.chinanews.com/yl/2014/07-18/6400869.shtml,1
http://www.chinanews.com/gj/2014/07-18/6402927.shtml,1
http://www.chinanews.com/yl/2014/07-18/6403294.shtml,2
http://www.chinanews.com/iframe/mood/index.shtml,1
http://www.chinanews.com/cul/2014/07-18/6402641.shtml,1
http://www.chinanews.com/sh/2014/07-17/6396944.shtml,1
http://www.chinanews.com/tp/hd2011/2013/03-27/188119.shtml,1
http://www.chinanews.com/yl/2014/07-17/6394731.shtml,1
http://www.chinanews.com/gn/2014/07-16/6394458.shtml,9
http://www.chinanews.com/yl/2014/07-17/6397877.shtml,1
http://www.chinanews.com/gj/2013/06-04/4893500.shtml,1
http://www.chinanews.com/sh/2013/12-09/5596962.shtml,1
http://www.chinanews.com/cul/2012/07-18/4042176.shtml,1
http://www.chinanews.com/shipin/paike/2014/07-17/news461966.shtml,2
http://www.chinanews.com.cn/iframe/mood/index.shtml,3
http://www.chinanews.com/yl/2014/07-18/6399481_4.shtml,1
http://www.chinanews.com/shipin/paike/2014/07-18/news462383.shtml,2
http://www.chinanews.com/gn/2014/07-18/6401941.shtml,4
http://www.chinanews.com/sh/2014/07-18/6402145.shtml,1
http://www.chinanews.com/tw/2014/07-18/6401475.shtml,2
http://www.chinanews.com/shipin/2014/07-18/ws522.shtml,1
http://www.chinanews.com/shipin/m(%20%20/%207rd/views.shtml,1
http://www.chinanews.com/gj/2014/07-18/6401656.shtml,1
http://www.chinanews.com/gn/2014/07-04/6349267.shtml,1
http://www.chinanews.com/shipin/2014/07-18/news462637.shtml,9
http://www.chinanews.com/gj/2014/07-18/6399140.shtml,2
http://www.chinanews.com/gn/2014/07-18/6399190.shtml,1
http://www.chinanews.com/gn/2014/07-18/6403212.shtml,5
http://www.chinanews.com/ty/2014/07-18/6403157.shtml,1
http://www.chinanews.com/yl/2014/07-18/6403278.shtml,1
http://www.chinanews.com/jk/2010/12-01/2693800.shtml,1
http://www.chinanews.com/gn/2014/07-18/6403259.shtml,1
http://www.chinanews.com/gj/2014/07-18/6403319.shtml,1
http://www.chinanews.com/ty/2014/07-18/6401577.shtml,1
