http://news.sohu.com/20140525/n399998493.shtml,1
http://news.sohu.com/20140718/n402393272.shtml,1
http://news.sohu.com/20140717/n402367590.shtml,1
http://news.sohu.com/20140717/n402392980.shtml,1
http://news.sohu.com/20070409/n249287251.shtml,1
http://news.sohu.com/20140718/n402417371.shtml,1
http://news.sohu.com/20140718/n402424417.shtml,1
http://news.sohu.com/20140715/n402288432.shtml,1
http://news.sohu.com/20140716/n402337488.shtml,1
http://news.sohu.com/20070831/n251882724.shtml,1
http://news.sohu.com/20140718/n402422792.shtml,1
http://news.sohu.com/20091220/n269073163.shtml,1
http://news.sohu.com/20140301/n395879525.shtml,1
http://news.sohu.com/s2013/lunjian/index.shtml,1
http://news.sohu.com/20140718/n402400764.shtml,1
http://news.sohu.com/20140717/n402347071.shtml,1
http://news.sohu.com/s2014/damacrash/index.shtml,1
http://news.sohu.com/20140718/n402398346.shtml,1
http://news.sohu.com/20140716/n402305250.shtml,1
http://news.sohu.com/20060216/n241847788.shtml,1
http://news.sohu.com/20140717/n402348295.shtml,1
http://news.sohu.com/20140717/n402361693.shtml,1
http://news.sohu.com/20140718/n402423125.shtml,1
http://news.sohu.com/20140718/n402409656.shtml,1
http://news.sohu.com/20140716/n402340633.shtml,1
http://news.sohu.com/20070315/n248734469.shtml,1
http://news.sohu.com/20140718/n402442639.shtml,1
http://news.sohu.com/20140717/n402393059.shtml,1
http://news.sohu.com/20140715/n402242291.shtml,1
http://news.sohu.com/20080319/n255782488.shtml,1
http://news.sohu.com/20060325/n242463064.shtml,1
http://news.sohu.com/20140717/n402347355.shtml,1
http://news.sohu.com/20140718/n402429256.shtml,1
http://news.sohu.com/20140718/n402426005.shtml,1
http://news.sohu.com/20140716/n402295919.shtml,1
http://news.sohu.com/20061120/n246497461.shtml,1
http://news.sohu.com/20140718/n402440295.shtml,1
http://news.sohu.com/20140717/n402348150.shtml,1
http://news.sohu.com/20140717/n402343810.shtml,1
http://news.sohu.com/20130825/n385001856.shtml,1
http://news.sohu.com/20140717/n402369494.shtml,1
http://news.sohu.com/20140716/n402297800.shtml,1
http://news.sohu.com/20140718/n402394564.shtml,1
http://news.sohu.com/20140210/n394689031.shtml,1
http://news.sohu.com/20140718/n402396281.shtml,1
http://news.sohu.com/20140717/n402392994.shtml,1
http://news.sohu.com/20140718/n402395303.shtml,1
http://news.sohu.com/20140718/n402393941.shtml,1
http://news.sohu.com/20140716/n402343238.shtml,1
http://news.sohu.com/20140718/n402416350.shtml,1
http://news.sohu.com/20050413/n225161634.shtml,1
http://news.sohu.com/20140718/n402398610.shtml,1
http://news.sohu.com/20140706/n401846831.shtml,1
http://news.sohu.com/1/1103/93/subject216299342.shtml,1
http://news.sohu.com/20140716/n402339046.shtml,1
http://news.sohu.com/20120508/n342624080.shtml,1
http://news.sohu.com/20140718/n402436729.shtml,1
http://news.sohu.com/20140718/n402402991.shtml,1
http://news.sohu.com/20140628/n401502772.shtml,1
http://news.sohu.com/shehuixinwen.shtml,1
http://news.sohu.com/20140717/n402366162.shtml,1
http://news.sohu.com/20131121/n390570095.shtml,1
http://news.sohu.com/20140718/n402393901.shtml,1
http://news.sohu.com/20140718/n402411617.shtml,1
http://news.sohu.com/s2014/jilongpofeiji_zhibo/index.shtml,1
http://news.sohu.com/20140713/n402172213.shtml,1
http://news.sohu.com/20140718/n402394455.shtml,1
http://news.sohu.com/20140717/n402347035.shtml,1
http://news.sohu.com/20140718/n402427927.shtml,1
http://news.sohu.com/20090506/n263803797.shtml,1
http://news.sohu.com/20140610/n400666795.shtml,1
http://news.sohu.com/20140718/n402404531.shtml,1
http://news.sohu.com/20140718/n402401675.shtml,1
http://news.sohu.com/20140717/n402346742.shtml,1
http://news.sohu.com/20140717/n402345808.shtml,1
http://news.sohu.com/20140716/n402325033.shtml,1
http://news.sohu.com/20140718/n402393410.shtml,1
http://news.sohu.com/20140717/n402360410.shtml,1
http://news.sohu.com/20140718/n402393899.shtml,1
http://news.sohu.com/20140718/n402396988.shtml,1
http://news.sohu.com/20140718/n402403188.shtml,1
http://news.sohu.com/20140717/n402377188.shtml,1
http://news.sohu.com/20140718/n402401217.shtml,1
http://news.sohu.com/20140718/n402394431.shtml,1
http://news.sohu.com/20140717/n402346531.shtml,1
http://news.sohu.com/20080716/n258188664.shtml,1
http://news.sohu.com/guoneirenshi/index.shtml,1
http://news.sohu.com/20140718/n402412492.shtml,1
http://news.sohu.com/20140718/n402423483.shtml,1
http://news.sohu.com/20140314/n396608428.shtml,1
http://news.sohu.com/20140718/n402427535.shtml,1
http://news.sohu.com/20140718/n402417735.shtml,1
http://news.sohu.com/20140718/n402414156.shtml,1
http://news.sohu.com/20140718/n402418679.shtml,1
http://news.sohu.com/guojixinwen.shtml,1
http://news.sohu.com/20140717/n402347163.shtml,1
http://news.sohu.com/20140717/n402389950.shtml,1
http://news.sohu.com/20140404/n397746358.shtml,1
http://news.sohu.com/20121127/n358729536.shtml,1
http://news.sohu.com/20140717/n402387071.shtml,1
http://news.sohu.com/20140716/n402316538.shtml,1
http://news.sohu.com/20140217/n395097258.shtml,1
http://news.sohu.com/20140718/n402395425.shtml,1
http://news.sohu.com/20140717/n402387147.shtml,1
http://news.sohu.com/20140717/n402348002.shtml,1
http://news.sohu.com/20070412/n249383009.shtml,1
http://news.sohu.com/20140718/n402430076.shtml,1
http://news.sohu.com/20060907/n245213905.shtml,1
http://news.sohu.com/20140717/n402348309.shtml,1
http://news.sohu.com/20140716/n402341603.shtml,1
http://news.sohu.com/20140715/n402265194.shtml,1
http://news.sohu.com/20140718/n402429640.shtml,1
http://news.sohu.com/20060412/n242754370.shtml,1
http://news.sohu.com/20140718/n402442742.shtml,1
http://news.sohu.com/20140717/n402387350.shtml,1
http://news.sohu.com/20140718/n402393438.shtml,1
http://news.sohu.com/20140718/n402398353.shtml,1
http://news.sohu.com/20140716/n402299992.shtml,1
http://news.sohu.com/20140717/n402393187.shtml,1
http://news.sohu.com/20140717/n402393152.shtml,1
http://news.sohu.com/20140718/n402395377.shtml,1
http://news.sohu.com/20100902/n274661905.shtml,1
http://news.sohu.com/20140718/n402415189.shtml,1
http://news.sohu.com/20140718/n402408331.shtml,1
http://news.sohu.com/20140718/n402418809.shtml,1
http://news.sohu.com/20140718/n402418465.shtml,1
http://news.sohu.com/20110428/n306632607_1.shtml,1
http://news.sohu.com/guoneixinwen.shtml,1
http://news.sohu.com/20060330/n242546990.shtml,1
http://news.sohu.com/20140718/n402428404.shtml,1
http://news.sohu.com/20140710/n402052667.shtml,1
http://news.sohu.com/20090622/n264666347.shtml,1
http://news.sohu.com/20140718/n402434902.shtml,1
http://news.sohu.com/20140718/n402438264.shtml,1
http://news.sohu.com/20140718/n402400308.shtml,1
http://news.sohu.com/20140718/n402397071.shtml,1
http://news.sohu.com/20120523/n343895725.shtml,1
http://news.sohu.com/20140716/n402343082.shtml,1
http://news.sohu.com/20140417/n398361722.shtml,1
http://news.sohu.com/20140718/n402412305.shtml,2
http://news.sohu.com/20140717/n402348275.shtml,2
http://news.sohu.com/20140713/n402163310.shtml,2
http://news.sohu.com/20140606/n400505816.shtml,2
http://news.sohu.com/20140718/n402439391.shtml,2
http://news.sohu.com/20140718/n402399194.shtml,2
http://news.sohu.com/20140718/n402418067.shtml,2
http://news.sohu.com/20140718/n402430191.shtml,2
http://news.sohu.com/20140617/n400952616.shtml,2
http://news.sohu.com/20140718/n402395837.shtml,2
http://news.sohu.com/20140718/n402395829.shtml,2
http://news.sohu.com/20140717/n402361836.shtml,2
http://news.sohu.com/20140718/n402411696.shtml,2
http://news.sohu.com/20140716/n402308278.shtml,2
http://news.sohu.com/20140717/n402379695.shtml,2
http://news.sohu.com/20140718/n402393541.shtml,2
http://news.sohu.com/20140718/n402419633.shtml,2
http://news.sohu.com/20140716/n402339155.shtml,2
http://news.sohu.com/20140718/n402395613.shtml,2
http://news.sohu.com/20140718/n402395523.shtml,2
http://news.sohu.com/20140718/n402395297.shtml,2
http://news.sohu.com/20140718/n402411270.shtml,2
http://news.sohu.com/20140712/n402158562.shtml,2
http://news.sohu.com/20140718/n402428750.shtml,2
http://news.sohu.com/20140718/n402438285.shtml,2
http://news.sohu.com/20140717/n402393184.shtml,2
http://news.sohu.com/20140718/n402393423.shtml,2
http://news.sohu.com/20140718/n402395876.shtml,2
http://news.sohu.com/20140718/n402399865.shtml,2
http://news.sohu.com/20140718/n402400853.shtml,2
http://news.sohu.com/20140718/n402402861.shtml,2
http://news.sohu.com/20140717/n402390612.shtml,2
http://news.sohu.com/20140718/n402432817.shtml,2
http://news.sohu.com/20140618/n400978121.shtml,2
http://news.sohu.com/20140718/n402431080.shtml,2
http://news.sohu.com/20140717/n402373805.shtml,2
http://news.sohu.com/20140717/n402346922.shtml,2
http://news.sohu.com/20140718/n402410569.shtml,3
http://news.sohu.com/20140718/n402419971.shtml,3
http://news.sohu.com/20140716/n402338321.shtml,3
http://news.sohu.com/20140718/n402393962.shtml,3
http://news.sohu.com/20140718/n402415381.shtml,3
http://news.sohu.com/20140718/n402420380.shtml,3
http://news.sohu.com/20140718/n402415761.shtml,3
http://news.sohu.com/20140711/n402136542.shtml,3
http://news.sohu.com/20140718/n402395585.shtml,3
http://news.sohu.com/20140718/n402404841.shtml,3
http://news.sohu.com/20140718/n402398572.shtml,3
http://news.sohu.com/20140718/n402403708.shtml,3
http://news.sohu.com/20140718/n402394992.shtml,3
http://news.sohu.com/20140716/n402303890.shtml,3
http://news.sohu.com/20140718/n402396202.shtml,3
http://news.sohu.com/20140718/n402408845.shtml,3
http://news.sohu.com/20140716/n402332365.shtml,3
http://news.sohu.com/20140717/n402365169.shtml,3
http://news.sohu.com/20140718/n402421172.shtml,3
http://news.sohu.com/20140718/n402395290.shtml,3
http://news.sohu.com/20100315/n270823245.shtml,3
http://news.sohu.com/20140717/n402345760.shtml,3
http://news.sohu.com/20140717/n402392960.shtml,4
http://news.sohu.com/20140718/n402395827.shtml,4
http://news.sohu.com/20140718/n402401652.shtml,4
http://news.sohu.com/20140718/n402422622.shtml,4
http://news.sohu.com/20140717/n402361559.shtml,4
http://news.sohu.com/20140717/n402393121.shtml,4
http://news.sohu.com/20140718/n402395885.shtml,4
http://news.sohu.com/20140718/n402441379.shtml,4
http://news.sohu.com/20140717/n402379548.shtml,4
http://news.sohu.com/20140717/n402348558.shtml,4
http://news.sohu.com/20140718/n402395047.shtml,4
http://news.sohu.com/20140717/n402381385.shtml,4
http://news.sohu.com/20140717/n402347176.shtml,4
http://news.sohu.com/20140717/n402375459.shtml,4
http://news.sohu.com/20140718/n402394995.shtml,4
http://news.sohu.com/20140718/n402422557.shtml,4
http://news.sohu.com/20140717/n402388298.shtml,5
http://news.sohu.com/20140717/n402416007.shtml,5
http://news.sohu.com/20140717/n402391455.shtml,5
http://news.sohu.com/20140718/n402404603.shtml,5
http://news.sohu.com/20140717/n402391172.shtml,5
http://news.sohu.com/20140718/n402414938.shtml,5
http://news.sohu.com/20140717/n402371957.shtml,5
http://news.sohu.com/20140718/n402434326.shtml,5
http://news.sohu.com/20140718/n402393482.shtml,5
http://news.sohu.com/20140717/n402350297.shtml,5
http://news.sohu.com/20140718/n402439380.shtml,6
http://news.sohu.com/s2014/southa/index.shtml,6
http://news.sohu.com/20140718/n402425005.shtml,6
http://news.sohu.com/20140718/n402393243.shtml,6
http://news.sohu.com/20140718/n402417590.shtml,6
http://news.sohu.com/20140717/n402364465.shtml,7
http://news.sohu.com/20140718/n402396411.shtml,7
http://news.sohu.com/20140718/n402418673.shtml,7
http://news.sohu.com/20140717/n402383631.shtml,7
http://news.sohu.com/20140718/n402398898.shtml,7
http://news.sohu.com/20140717/n402373374.shtml,7
http://news.sohu.com/s2014/dianji-1447/index.shtml,7
http://news.sohu.com/20140718/n402433256.shtml,8
http://news.sohu.com/20140716/n402362713.shtml,8
http://news.sohu.com/20140718/n402402203.shtml,8
http://news.sohu.com/20140718/n402394381.shtml,8
http://news.sohu.com/20140718/n402403186.shtml,8
http://news.sohu.com/20140717/n402385642.shtml,9
http://news.sohu.com/20140718/n402431615.shtml,9
http://news.sohu.com/20140718/n402394566.shtml,9
http://news.sohu.com/20140717/n402391930.shtml,9
http://news.sohu.com/20140718/n402440719.shtml,9
http://news.sohu.com/20140718/n402411664.shtml,9
http://news.sohu.com/20140718/n402408133.shtml,9
http://news.sohu.com/20140718/n402413434.shtml,10
http://news.sohu.com/20140717/n402359904.shtml,10
http://news.sohu.com/20140717/n402393026.shtml,10
http://news.sohu.com/20140718/n402398679.shtml,10
http://news.sohu.com/20140718/n402427224.shtml,10
http://news.sohu.com/20140718/n402438832.shtml,10
http://news.sohu.com/20140718/n402393866.shtml,10
http://news.sohu.com/20140718/n402407666.shtml,10
http://news.sohu.com/20140718/n402395074.shtml,10
http://news.sohu.com/20140718/n402440303.shtml,11
http://news.sohu.com/20140717/n402392714.shtml,11
http://news.sohu.com/s2014/dianji-1449/index.shtml,11
http://news.sohu.com/20140717/n402376469.shtml,11
http://news.sohu.com/20140718/n402413367.shtml,11
http://news.sohu.com/s2012/3785/s357505873/index.shtml,11
http://news.sohu.com/20140718/n402395473.shtml,11
http://news.sohu.com/20140718/n402440170.shtml,11
http://news.sohu.com/20140718/n402424405.shtml,12
http://news.sohu.com/20140718/n402393446.shtml,12
http://news.sohu.com/20140718/n402423789.shtml,12
http://news.sohu.com/20140717/n402361268.shtml,12
http://news.sohu.com/20140718/n402440651.shtml,13
http://news.sohu.com/20140718/n402431520.shtml,13
http://news.sohu.com/20140717/n402378613.shtml,13
http://news.sohu.com/20140716/n402308263.shtml,13
http://news.sohu.com/20140718/n402415156.shtml,15
http://news.sohu.com/20140717/n402369470.shtml,15
http://news.sohu.com/20140718/n402393217.shtml,15
http://news.sohu.com/20140718/n402433831.shtml,16
http://news.sohu.com/20140717/n402387386.shtml,16
http://news.sohu.com/20140718/n402411463.shtml,16
http://news.sohu.com/20140718/n402401311.shtml,17
http://news.sohu.com/20140718/n402440230.shtml,17
http://news.sohu.com/20140718/n402432706.shtml,18
http://news.sohu.com/20140718/n402405028.shtml,20
http://news.sohu.com/20140717/n402392019.shtml,20
http://news.sohu.com/20140718/n402425265.shtml,20
http://news.sohu.com/20140718/n402400080.shtml,20
http://news.sohu.com/20140718/n402429487.shtml,20
http://news.sohu.com/20140717/n402391092.shtml,22
http://news.sohu.com/20140718/n402433609.shtml,22
http://news.sohu.com/20140718/n402395578.shtml,24
http://news.sohu.com/20140717/n402387211.shtml,24
http://news.sohu.com/20140718/n402432908.shtml,29
http://news.sohu.com/20140718/n402406384.shtml,29
http://news.sohu.com/20140718/n402432301.shtml,29
http://news.sohu.com/20140718/n402403229.shtml,32
http://news.sohu.com/s2014/2809/s402393798/index.shtml,32
http://news.sohu.com/s2014/yaoyan-111/index.shtml,33
http://news.sohu.com/20140718/n402399366.shtml,35
http://news.sohu.com/20140717/n402348375.shtml,38
http://news.sohu.com/20140718/n402393956.shtml,46
http://news.sohu.com/20140718/n402422715.shtml,57
http://news.sohu.com/20140718/n402424959.shtml,74
http://news.sohu.com/20140718/n402409480.shtml,81
