http://news.163.com/14/0717/19/A1CLMKMR0001124J.html,1
http://news.163.com/14/0717/06/A1B8KNC400014AED.html,1
http://news.163.com/14/0717/21/A1CSL55000011229.html,1
http://news.163.com/14/0717/11/A1BQ66TC00014JB6.html,1
http://news.163.com/14/0717/01/A1AMJ5LP00014AED.html,1
http://news.163.com/14/0717/06/A1B8D86500014AED.html,1
http://news.163.com/14/0718/06/A1DSIPFH0001124J.html,1
http://news.163.com/14/0716/15/A19LCPP300014AED.html,1
http://news.163.com/14/0717/10/A1BLB7TD00014JB6.html,1
http://news.163.com/14/0717/07/A1BC1PV600014AED.html,1
http://news.163.com/14/0718/03/A1DHUP9P00014JB5.html,1
http://news.163.com/14/0715/22/A17RL6BL00014AED.html,1
http://news.163.com/comment/0096/3g_bbs/48/vA1DCAT4800963VRO.html,1
http://news.163.com/14/0715/04/A15V5M9F00014AED.html,1
http://news.163.com/14/0718/11/A1EB7OA100014Q4P.html,1
http://news.163.com/weather/news/qx1/54172.html,1
http://news.163.com/14/0716/02/A188H1PF00014Q4P.html,1
http://news.163.com/14/0718/10/A1E9BI8C00014JB6.html,1
http://news.163.com/14/0718/07/A1E0402M0001121M.html,1
http://news.163.com/api/14/0717/12/A1BU2FTM00011229.html,1
http://news.163.com/14/0718/11/A1EEAAH200014Q4P.html,1
http://news.163.com/14/0718/13/A1EJTQDP0001121M.html,1
http://news.163.com/14/0718/13/A1EKQL9N00014AEE.html,1
http://news.163.com/comment/9001/comment_bbs/HF/vA1EEN3HF9001N3HG.html,1
http://news.163.com/14/0718/14/A1ENROAB00014SEH.html,1
http://news.163.com/keywords/6/2/6b279633667a8587/1.html,1
http://news.163.com/11/0823/16/7C5GFMMC00014AED.html,1
http://news.163.com/photoview/00AO0001/69379.html,1
http://news.163.com/14/0716/02/A189RCN700014Q4P.html,1
http://news.163.com/14/0718/12/A1EGJLAD00014AED.html,1
http://news.163.com/14/0718/15/A1ERVRU700014AED.html,1
http://news.163.com/14/0717/06/A1B8KJIQ00014AED.html,1
http://news.163.com/14/0716/02/A188OTJ100014AED.html,1
http://news.163.com/14/0716/10/A193OJ1M00014AEE.html,1
http://news.163.com/14/0718/16/A1ETRNQ500014JB5.html,1
http://news.163.com/api/14/0718/11/A1EC7QU300014N4Q.html,1
http://news.163.com/api/14/0717/08/A1BFC17A0001124J.html,1
http://news.163.com/14/0717/07/A1BDB9HA00014AED.html,1
http://news.163.com/14/0718/18/A1F6BU5V00014JB6.html,1
http://news.163.com/air/14/0718/14/A1EM4HH000014P42.html,1
http://news.163.com/14/0717/10/A1BLK1JK00011229.html,1
http://news.163.com/14/0718/21/A1FFRF3700011229.html,1
http://news.163.com/comment/9001/comment_bbs/LA/vA1E6MMLA9001MMLB.html,1
http://news.163.com/14/0718/21/A1FF44GM0001124J.html,1
http://news.163.com/air/14/0718/00/A1D5BVHJ00014PHJ.html,1
http://news.163.com/14/0717/08/A1BHJF4400011229.html,1
http://news.163.com/14/0718/00/A1D5MIN800014JB5.html,1
http://news.163.com/14/0717/07/A1BD5OHR0001124J.html,1
http://news.163.com/14/0717/13/A1C0OIBP00011229.html,1
http://news.163.com/14/0717/08/A1BG3IEL00014JB6.html,1
http://news.163.com/14/0718/06/A1DR1E3V0001121M.html,1
http://news.163.com/14/0717/01/A1APC4MM00014AED.html,1
http://news.163.com/14/0718/02/A1DDD8UF00014JB6.html,1
http://news.163.com/14/0718/06/A1DQU7BB00014JB6.html,1
http://news.163.com/14/0718/07/A1E03TOD0001124J.html,1
http://news.163.com/14/0718/03/A1DGLMS100014AED.html,1
http://news.163.com/comment/0001/photoview_bbs/NO/vPHOT23NO000100AO.html,1
http://news.163.com/14/0718/10/A1E8U8FL00014AED.html,1
http://news.163.com/14/0718/11/A1ECFNJ000014JB6.html,1
http://news.163.com/comment/0001/news_guonei8_bbs/GN/v8RKHBFGN0001124J.html,1
http://news.163.com/10/0203/18/5UKBA1DM000120GR.html,1
http://news.163.com/14/0717/01/A1AMSDD300014Q4P.html,1
http://news.163.com/comment/0001/photoview_bbs/O6/vPHOT23O6000100AO.html,1
http://news.163.com/10/0912/04/6GBQMK7C00014AED.html,1
http://news.163.com/14/0718/03/A1DH9MG300014AED.html,1
http://news.163.com/14/0718/13/A1EILQ9K00014JB6.html,1
http://news.163.com/14/0718/06/A1DRSBAS00014AED.html,1
http://news.163.com/14/0717/02/A1APQ6LL00014AED.html,1
http://news.163.com/comment/0096/3g_bbs/PG/vA1BNGKPG00964K1K.html,1
http://news.163.com/14/0718/14/A1EN3CV100014JB5.html,1
http://news.163.com/12/0614/08/83UQB3H000014AED.html,1
http://news.163.com/14/0718/13/A1EKVIL500014JB6.html,1
http://news.163.com/14/0718/13/A1EJL02D00014JB5.html,1
http://news.163.com/14/0709/22/A0OCKJRH00011229.html,1
http://news.163.com/special/00011229/shehuinews_04.html,1
http://news.163.com/14/0718/17/A1EVVLRG00014JB5.html,1
http://news.163.com/comment/9001/comment_bbs/0N/vA1ECE00N9001E00O.html,1
http://news.163.com/14/0718/11/A1EDEUU500014AED.html,1
http://news.163.com/14/0718/09/A1E551KR00014JB6.html,1
http://news.163.com/14/0718/15/A1EON45O00014AEE.html,1
http://news.163.com/14/0718/16/A1EUE2SB00014JB5.html,1
http://news.163.com/comment/9001/comment_bbs/7Q/vA1E6MK7Q9001MK7R.html,1
http://news.163.com/comment/9001/comment_bbs/H4/vA1CUKQH49001KQH5.html,1
http://news.163.com/comment/9001/comment_bbs/UA/vA1E4DHUA9001DHUB.html,1
http://news.163.com/09/0614/17/5BPLAU92000120GR.html,1
http://news.163.com/smart/1/1433/1.html,1
http://news.163.com/comment/0096/3g_bbs/RG/vA1C3GCRG00964L91.html,1
http://news.163.com/14/0518/01/9SG7RJGR00014Q4P.html,1
http://news.163.com/comment/0001/news3_bbs/6V/v8P565G6V00014JB6.html,1
http://news.163.com/14/0718/01/A1D99QL300014JB5.html,1
http://news.163.com/14/0718/04/A1DJAAQC00014AED.html,1
http://news.163.com/14/0718/06/A1DSAAPS00014AED.html,1
http://news.163.com/14/0718/07/A1E03GLC00014AEE.html,1
http://news.163.com/14/0718/07/A1DUQ5P000014JB6.html,1
http://news.163.com/14/0718/05/A1DNTAFN00014Q4P.html,1
http://news.163.com/comment/9001/comment_bbs/II/vA1DMLPII9001LPIJ.html,1
http://news.163.com/api/photoview/00AP0001/69273.html,1
http://news.163.com/14/0718/05/A1DMJFN400014JB6.html,1
http://news.163.com/14/0718/09/A1E4J7CD00014AED.html,1
http://news.163.com/14/0718/10/A1E8EQOO00014AEE.html,1
http://news.163.com/14/0526/09/9T5LKOSA00014JB5.html,1
http://news.163.com/14/0705/06/A0CDCJCU00014AEE.html,1
http://news.163.com/14/0718/11/A1ECLOV700014JB5.html,1
http://news.163.com/14/0716/13/A19E3AEN0001121M.html,1
http://news.163.com/14/0718/11/A1EBBFFU0001121M.html,1
http://news.163.com/14/0718/10/A1E8Q2NN00014JB6.html,1
http://news.163.com/14/0716/04/A18GS02U00014AED.html,1
http://news.163.com/comment/9001/comment_bbs/FO/vA1E7R5FO9001R5FP.html,1
http://news.163.com/keywords/6/f/65f1736d/1.html,1
http://news.163.com/14/0718/14/A1EODIT800014N4Q.html,1
http://news.163.com/14/0714/01/A131SIJA00014JB6.html,1
http://news.163.com/14/0718/13/A1EHSPS300014JB5.html,1
http://news.163.com/14/0717/12/A1BT9S3O00014AEE.html,1
http://news.163.com/comment/9001/comment_bbs/5E/vA1EDID5E9001ID5F.html,1
http://news.163.com/14/0718/16/A1ES65TJ0001124J.html,1
http://news.163.com/14/0120/04/9J0P46D700014AED.html,1
http://news.163.com/09/1104/10/5N934V2P000120GU.html,1
http://news.163.com/14/0718/11/A1ECR5C200011229.html,1
http://news.163.com/14/0718/04/A1DKQ01100014AED.html,1
http://news.163.com/14/0627/03/9VNGH7LS00014AED.html,1
http://news.163.com/14/0718/00/A1D7ET4E00014JB6.html,1
http://news.163.com/14/0718/00/A1D84SL200014JB6.html,1
http://news.163.com/14/0718/01/A1DAP5VU0001121M.html,1
http://news.163.com/13/1019/08/9BHLD57V00014AED.html,1
http://news.163.com/14/0717/18/A1CJETHB0001124J.html,1
http://news.163.com/14/0717/09/A1BI3ATJ00014Q4P.html,1
http://news.163.com/14/0718/05/A1DOQ95T00014Q4P.html,1
http://news.163.com/08/0911/08/4LHVT17J00011229.html,1
http://news.163.com/14/0714/09/A13RF4B000014Q4P.html,1
http://news.163.com/14/0718/04/A1DJR6HP00014AED.html,1
http://news.163.com/comment/9001/comment_bbs/GA/vA1BLEQGA9001EQGB.html,1
http://news.163.com/comment/9001/comment_bbs/ER/vA1CLFRER9001FRES.html,1
http://news.163.com/14/0718/04/A1DJ9QRB00014AED.html,1
http://news.163.com/14/0718/07/A1DVL8O70001121M.html,1
http://news.163.com/air/14/0717/17/A1CFFIAH00014PHJ.html,1
http://news.163.com/comment/0001/news3_bbs/0G/vA1DG210G00014AED.html,1
http://news.163.com/14/0526/09/9T5LKOSA00014JB5_22.html,1
http://news.163.com/14/0717/10/A1BO0ITB00014AED.html,1
http://news.163.com/09/1210/05/5Q58EPCN000120GR.html,1
http://news.163.com/comment/9001/comment_bbs/SC/vA1CCATSC9001ATSD.html,1
http://news.163.com/14/0718/12/A1EH15FI00014JB6.html,1
http://news.163.com/14/0718/17/A1F0R91B00014JB5.html,1
http://news.163.com/14/0613/23/9ULGOB7O00014AEE.html,1
http://news.163.com/14/0718/17/A1F0R5O000014JB5.html,1
http://news.163.com/comment/0001/photoview_bbs/PA/vPHOT23PA000100AO.html,1
http://news.163.com/14/0718/13/A1EL69KL00014AED.html,1
http://news.163.com/11/0518/00/749VK1E200014AED.html,1
http://news.163.com/10/0602/23/6879NR8E00014AEE.html,1
http://news.163.com/14/0718/17/A1F1N2GV00014JB5.html,1
http://news.163.com/14/0718/15/A1EPUPBR00014N4Q.html,1
http://news.163.com/14/0718/20/A1FAK7E400014JB6.html,1
http://news.163.com/comment/9001/comment_bbs/FD/vA1E246FD900146FE.html,1
http://news.163.com/14/0718/03/A1DHO39V00014AED.html,1
http://news.163.com/photoview/57KT0001/69347.html,1
http://news.163.com/14/0718/20/A1FAB6G600014JB5.html,1
http://news.163.com/14/0718/22/A1FJ6S7P00014JB6.html,1
http://news.163.com/comment/9001/comment_bbs/TA/vA1EVS4TA9001S4TB.html,1
http://news.163.com/14/0618/08/9V0R1CPK00014JB5.html,1
http://news.163.com/keywords/6/1/6c115de5/1.html,1
http://news.163.com/14/0718/00/A1D5IVJJ00014AED.html,1
http://news.163.com/14/0716/05/A18HND7900014AED.html,1
http://news.163.com/comment/0001/photoview_bbs/M8/vPHOT23M800014T8E.html,1
http://news.163.com/14/0718/04/A1DLVUHG00014AED.html,1
http://news.163.com/14/0718/06/A1DQCUIU00011229.html,1
http://news.163.com/14/0718/03/A1DFV0UJ00014AED.html,1
http://news.163.com/14/0717/02/A1AR5VUE00014AED.html,1
http://news.163.com/14/0717/04/A1B2AQ4F00011229.html,1
http://news.163.com/09/0819/14/5H3BC5VN000120GR.html,1
http://news.163.com/14/0418/11/9Q41DCAV00014Q4P.html,1
http://news.163.com/special/0001jt/error_news.html,1
http://news.163.com/14/0715/07/A168BM6R00014Q4P.html,1
http://news.163.com/12/1106/00/8FJBLBMV00014AED.html,1
http://news.163.com/14/0611/11/9UF365H500014JB6.html,1
http://news.163.com/air/14/0718/03/A1DFL29R00014PHJ.html,1
http://news.163.com/14/0717/01/A1AMMRGT00014Q4P.html,1
http://news.163.com/14/0627/09/9VO4SVUE00014JB6.html,1
http://news.163.com/comment/0001/photoview_bbs/NR/vPHOT23NR000100AO.html,1
http://news.163.com/12/0728/19/87HA0DNV00014JB6.html,1
http://news.163.com/14/0718/13/A1EL2UDI00014JB5.html,1
http://news.163.com/12/0619/10/84BTVL8V00014AEE.html,1
http://news.163.com/14/0718/07/A1DVCRAV00014AED.html,1
http://news.163.com/keywords/9/2/9f2075ab/1.html,1
http://news.163.com/14/0718/13/A1EI8CR400014AED.html,1
http://news.163.com/10/1030/04/6K7G9ADR00014AED.html,1
http://news.163.com/14/0718/09/A1E4OBUI00014AED.html,1
http://news.163.com/special/00011229/shehuinews_03.html,1
http://news.163.com/14/0411/14/9PIBRPBC00014AEE.html,1
http://news.163.com/14/0717/17/A1CF5T5S00014AED.html,1
http://news.163.com/air/13/1126/13/9EK3RQD300014P42.html,1
http://news.163.com/smart/1/1458/1.html,1
http://news.163.com/comment/0001/photoview_bbs/PD/vPHOT23PD000100AO.html,1
http://news.163.com/photoview/00AO0001/69399.html,1
http://news.163.com/air/photoview/5MC30001/69393.html,1
http://news.163.com/14/0718/16/A1ESSGO800014AEE.html,1
http://news.163.com/air/14/0718/17/A1F2ITI600014PHJ.html,1
http://news.163.com/14/0718/16/A1EV9MKV00014JB5.html,1
http://news.163.com/14/0718/11/A1ECGJ4700014JB6.html,1
http://news.163.com/14/0718/20/A1FAUH2K00014JB6.html,1
http://news.163.com/comment/9001/comment_bbs/68/vA1ELIJ689001IJ69.html,1
http://news.163.com/14/0716/07/A18OVRFO00014Q4P.html,1
http://news.163.com/14/0718/15/A1EQLB6100014JB6.html,1
http://news.163.com/14/0718/15/A1EQ5KS600014AEF.html,1
http://news.163.com/comment/9001/comment_bbs/0G/vA1ESEC0G9001EC0H.html,1
http://news.163.com/14/0717/06/A1B8H5OQ00014AED.html,1
http://news.163.com/2004w02/12472/2004w02_1077655864689_2.html,1
http://news.163.com/14/0615/17/9UQ31CA700014JB6.html,1
http://news.163.com/14/0717/13/A1BVGN9J0001124J.html,1
http://news.163.com/14/0718/00/A1D77I2T00014Q4P.html,1
http://news.163.com/smart/1/1438/1.html,1
http://news.163.com/14/0226/00/9LVI19OG00014Q4P.html,1
http://news.163.com/comment/9001/comment_bbs/P6/vA1AB3DP690013DP7.html,1
http://news.163.com/14/0717/15/A1C83J4700014JB6.html,1
http://news.163.com/14/0718/04/A1DL2F9H00014JB6.html,1
http://news.163.com/comment/9001/comment_bbs/7Q/vA1BKA77Q9001A77R.html,1
http://news.163.com/comment/0001/photoview_bbs/NC/vPHOT23NC000100AP.html,1
http://news.163.com/08/0415/19/49JI5AOQ0001121M.html,1
http://news.163.com/air/14/0717/08/A1BHHOQD00014PQF.html,1
http://news.163.com/14/0628/14/9VR7KJNS00014JB5.html,1
http://news.163.com/11/0717/00/794HB3SI00014JB5.html,1
http://news.163.com/14/0718/04/A1DJRJAD00014AED.html,1
http://news.163.com/comment/9001/comment_bbs/ES/vA1CMKEES9001KEET.html,1
http://news.163.com/11/0731/23/7AB0PB6700014JB5.html,1
http://news.163.com/14/0718/12/A1EFGLTJ00014Q4P.html,1
http://news.163.com/14/0715/14/A16U70KT0001124J.html,1
http://news.163.com/14/0718/11/A1EE257O00014AED.html,1
http://news.163.com/14/0718/11/A1ECLOV700014JB5_all.html,1
http://news.163.com/14/0718/05/A1DOODQM00014Q4P.html,1
http://news.163.com/14/0718/14/A1EMRU8800014JB6.html,1
http://news.163.com/14/0718/11/A1EE1ES500014AEE.html,1
http://news.163.com/comment/9001/comment_bbs/HA/vA1E7RHHA9001RHHB.html,1
http://news.163.com/comment/9001/comment_bbs/KH/vA1EEN3KH9001N3KI.html,1
http://news.163.com/api/14/0718/12/A1EF4LKT00011229.html,1
http://news.163.com/special/00011229/shehuinews_02.html,1
http://news.163.com/14/0619/14/9V40R5C400014AED.html,1
http://news.163.com/14/0718/09/A1E5NOLD00014JB6.html,1
http://news.163.com/14/0718/18/A1F5DI4200014JB6.html,1
http://news.163.com/special/00012G9I/bbsinclude2.0.html,1
http://news.163.com/14/0718/16/A1EV0SM700014JB6.html,1
http://news.163.com/14/0718/19/A1F9G35G00011229.html,1
http://news.163.com/14/0718/17/A1F0TL8T00014JB6.html,1
http://news.163.com/comment/9001/comment_bbs/U1/vA1EEN3U19001N3U2.html,1
http://news.163.com/14/0717/09/A1BIVRPJ00014Q4P.html,1
http://news.163.com/14/0717/10/A1BMC9A800014JB6_35.html,1
http://news.163.com/14/0613/06/9UJMF38M00014AED.html,1
http://news.163.com/13/0304/19/8P565G6V00014JB6_6.html,1
http://news.163.com/14/0716/19/A1A4VQIH00014AED.html,1
http://news.163.com/14/0718/00/A1D77IQJ0001121M.html,1
http://news.163.com/14/0717/17/A1CF2KNT00011229.html,1
http://news.163.com/14/0715/06/A164IRJQ00014Q4P.html,1
http://news.163.com/comment/9001/comment_bbs/1T/vA1BNO31T9001O31U.html,1
http://news.163.com/14/0717/17/A1CDCT730001124J.html,1
http://news.163.com/comment/0096/3g_bbs/UN/vA052DNUN00964KAP.html,1
http://news.163.com/14/0718/05/A1DNQPOO00014JB6.html,1
http://news.163.com/comment/9001/comment_bbs/8T/vA1BJ5D8T90015D8U.html,1
http://news.163.com/14/0718/04/A1DJMEVV00014AED.html,1
http://news.163.com/14/0718/09/A1E6UNU500014JB5.html,1
http://news.163.com/14/0717/22/A1D0E9LN00011229.html,1
http://news.163.com/14/0718/04/A1DJRH0700014AED.html,1
http://news.163.com/14/0718/01/A1DAH6Q900014JB6.html,1
http://news.163.com/14/0718/07/A1DV8KO000014JB5.html,1
http://news.163.com/14/0718/09/A1E5BB1600014AEE.html,1
http://news.163.com/comment/9001/comment_bbs/SV/vA1DUM6SV9001M6T0.html,1
http://news.163.com/14/0718/13/A1EI56IH00014JB6.html,1
http://news.163.com/14/0718/13/A1EIFG8H0001121M.html,1
http://news.163.com/14/0718/09/A1E5IGRT00014JB5.html,1
http://news.163.com/14/0718/14/A1ENI66F00014AED.html,1
http://news.163.com/14/0718/04/A1DKJFVS00014Q4P.html,1
http://news.163.com/keywords/7/1/75188083/1.html,1
http://news.163.com/14/0716/08/A18UF7I000014AED.html,1
http://news.163.com/14/0718/09/A1E51EKJ000146BE.html,1
http://news.163.com/air/14/0718/16/A1ES786C00014PHJ.html,1
http://news.163.com/13/0429/03/8TJMPEQM00014AED.html,1
http://news.163.com/comment/9001/comment_bbs/29/vA1EEN6299001N62A.html,1
http://news.163.com/14/0718/08/A1E1NC7V00014AED.html,1
http://news.163.com/14/0718/16/A1EU4TPG0001124J.html,1
http://news.163.com/keywords/6/d/6bd465af5229/1.html,1
http://news.163.com/photoview/00AO0001/69421.html,1
http://news.163.com/14/0718/17/A1F0DTK400014JB6.html,1
http://news.163.com/14/0718/18/A1F337US00014JB6.html,1
http://news.163.com/14/0718/18/A1F3K4UG00014AEE.html,1
http://news.163.com/comment/9001/comment_bbs/BR/vA1ECDPBR9001DPBS.html,1
http://news.163.com/14/0718/16/A1EU0OBM00014JB6.html,1
http://news.163.com/14/0716/08/A18SD80G00014AED.html,1
http://news.163.com/14/0717/20/A1CQD7P700014JB6.html,1
http://news.163.com/14/0717/03/A1AU5MJF0001124J.html,1
http://news.163.com/14/0717/05/A1B5DI0Q0001124J.html,1
http://news.163.com/14/0718/00/A1D8472000014JB5.html,1
http://news.163.com/13/0304/19/8P565G6V00014JB6_5.html,1
http://news.163.com/smart/1/1371/1.html,1
http://news.163.com/05/0817/08/1RBJ5GK00001121S.html,1
http://news.163.com/09/0730/16/5FG1H90N000120GR.html,1
http://news.163.com/14/0717/16/A1CAB1F500014JB5.html,1
http://news.163.com/14/0717/14/A1C370JA0001124J.html,1
http://news.163.com/14/0718/09/A1E4SULS00014AED.html,1
http://news.163.com/14/0717/22/A1D0P5A400014JB6.html,1
http://news.163.com/14/0718/02/A1DCQA9B00014Q4P.html,1
http://news.163.com/photoview/00AO0001/69364.html,1
http://news.163.com/comment/9001/comment_bbs/42/vA1DR8D4290018D43.html,1
http://news.163.com/08/1216/11/4T9HKF490001121M.html,1
http://news.163.com/14/0718/09/A1E4IKGJ00014JB6.html,1
http://news.163.com/14/0718/09/A1E677OR00014JB6.html,1
http://news.163.com/13/0404/14/8RKHBFGN0001124J.html,1
http://news.163.com/14/0718/04/A1DLK8VF00014AED.html,1
http://news.163.com/14/0716/02/A189IJ9300014AED.html,1
http://news.163.com/14/0718/11/A1ECIT2K0001121M.html,1
http://news.163.com/14/0718/13/A1EKD8IU0001124J.html,1
http://news.163.com/14/0121/03/9J35M5U800014Q4P.html,1
http://news.163.com/comment/9001/comment_bbs/VO/vA1COTNVO9001TNVP.html,1
http://news.163.com/14/0718/13/A1EHRM8P00014AED.html,1
http://news.163.com/14/0718/15/A1ERD6PJ00014AEF.html,1
http://news.163.com/comment/9001/comment_bbs/HQ/vA1E4DBHQ9001DBHR.html,1
http://news.163.com/14/0718/09/A1E4EA4G00011229.html,1
http://news.163.com/comment/0001/photoview_bbs/L5/vPHOT23L500013R71.html,1
http://news.163.com/14/0718/17/A1F10QGV00014JB5.html,1
http://news.163.com/comment/0096/3g_bbs/JG/vA1DKU0JG00964LD5.html,1
http://news.163.com/14/0718/12/A1EF4LKT00011229.html,1
http://news.163.com/photoview/00AN0001/69409.html,1
http://news.163.com/14/0717/03/A1AU744M00014Q4P.html,1
http://news.163.com/14/0718/16/A1EVGN63000146BE.html,1
http://news.163.com/14/0716/09/A190B89O00014AED.html,1
http://news.163.com/comment/0001/photoview_bbs/NP/vPHOT23NP00014T8E.html,1
http://news.163.com/11/1016/08/7GFLIR1100014AEE.html,1
http://news.163.com/07/0124/11/35JM5JDQ000125OC.html,1
http://news.163.com/14/0718/04/A1DJRHVC00014AED.html,1
http://news.163.com/14/0718/20/A1FAD1UF0001124J.html,1
http://news.163.com/14/0718/21/A1FEGD0C00014JB5.html,1
http://news.163.com/14/0718/20/A1FD96IK00014JB6.html,1
http://news.163.com/14/0718/15/A1ER5G0R0001124J.html,1
http://news.163.com/comment/9001/comment_bbs/R5/vA1EMNDR59001NDR6.html,1
http://news.163.com/comment/9001/comment_bbs/87/vA1F5JA879001JA88.html,1
http://news.163.com/14/0717/02/A1AQEU1B00014AED.html,2
http://news.163.com/api/14/0718/16/A1ET88S900011229.html,2
http://news.163.com/14/0718/14/A1ENPJTP00014JB5.html,2
http://news.163.com/14/0718/14/A1EO1I0200014JB5.html,2
http://news.163.com/14/0718/17/A1F1UTJC00014JB6.html,2
http://news.163.com/14/0716/16/A19P3BBD00014AEE.html,2
http://news.163.com/air/14/0718/01/A1D8QSND00014P42.html,2
http://news.163.com/14/0709/02/A0M8H2OE00014Q4P.html,2
http://news.163.com/14/0717/09/A1BL1COU00014Q4P.html,2
http://news.163.com/14/0718/10/A1E7U5IA0001121M.html,2
http://news.163.com/14/0718/13/A1EISFJ50001124J.html,2
http://news.163.com/14/0717/07/A1BCP43200014AED.html,2
http://news.163.com/14/0718/06/A1DT698B00014AED.html,2
http://news.163.com/smart/1/1452/1.html,2
http://news.163.com/14/0617/04/9UTS1F6O00014AED.html,2
http://news.163.com/comment/0001/photoview_bbs/P2/vPHOT23P2000100AP.html,2
http://news.163.com/14/0717/12/A1BV4UDD00014AEF.html,2
http://news.163.com/14/0718/20/A1FA34QI00014AED.html,2
http://news.163.com/14/0718/18/A1F32QQS00014JB6.html,2
http://news.163.com/14/0717/06/A1B8CJT400014Q4P.html,2
http://news.163.com/14/0718/07/A1DU8PHQ00014AED.html,2
http://news.163.com/14/0718/07/A1DVUP5V0001121M.html,2
http://news.163.com/photoview/00AO0001/69371.html,2
http://news.163.com/14/0718/10/A1E8GPRR000146BE.html,2
http://news.163.com/air/14/0718/01/A1DBB3TQ00014PHJ.html,2
http://news.163.com/14/0718/13/A1EI0J1F00011229.html,2
http://news.163.com/14/0718/10/A1E8HJ7R00014JB6.html,2
http://news.163.com/14/0716/02/A18A24H400014AED.html,2
http://news.163.com/14/0718/16/A1ETIQKF0001121M.html,2
http://news.163.com/14/0718/18/A1F5OJ7G00014AED.html,2
http://news.163.com/14/0717/19/A1CL2I5S00011229.html,2
http://news.163.com/comment/9001/comment_bbs/15/vA1BSAG159001AG16.html,2
http://news.163.com/comment/0001/photoview_bbs/O7/vPHOT23O700014T8E.html,2
http://news.163.com/api/14/0718/14/A1ENLOM400014Q4P.html,2
http://news.163.com/14/0717/14/A1C42SC800011229.html,2
http://news.163.com/14/0717/00/A1ALJ7VF00014JB6.html,2
http://news.163.com/14/0717/11/A1BP2AFS00011229.html,2
http://news.163.com/12/0723/02/872JJFA200014AED.html,2
http://news.163.com/comment/0001/photoview_bbs/M4/vPHOT23M400015MC3.html,2
http://news.163.com/14/0718/08/A1E2FSCM00014AEE.html,2
http://news.163.com/14/0716/07/A18RAE0E00014Q2A.html,2
http://news.163.com/14/0718/10/A1E8CF0B00014AED.html,2
http://news.163.com/comment/9001/comment_bbs/GG/vA1E7RGGG9001RGGH.html,2
http://news.163.com/comment/0001/news_shehui7_bbs/69/vA1E4IV6900011229.html,2
http://news.163.com/14/0718/13/A1EL6QAI00014JB6.html,2
http://news.163.com/14/0718/13/A1EK0TDI00014JB5.html,2
http://news.163.com/comment/0001/photoview_bbs/OR/vPHOT23OR00014T8E.html,2
http://news.163.com/14/0718/16/A1ESCBOU0001124J.html,2
http://news.163.com/14/0718/19/A1F8VIMU0001124J.html,2
http://news.163.com/14/0718/14/A1ENLOM400014Q4P.html,2
http://news.163.com/comment/9001/comment_bbs/SE/vA1CCATSE9001ATSF.html,2
http://news.163.com/14/0718/04/A1DLH8C400011229.html,2
http://news.163.com/13/1112/03/9DEVC45R00014AED.html,2
http://news.163.com/14/0718/08/A1E0MAD600014JB5.html,2
http://news.163.com/air/14/0718/11/A1ECR72000014P42.html,2
http://news.163.com/comment/9001/comment_bbs/1B/vA1CA1M1B90011M1C.html,2
http://news.163.com/14/0718/11/A1EC7QU300014N4Q.html,2
http://news.163.com/14/0718/07/A1DTGKD000014OMD.html,2
http://news.163.com/14/0718/12/A1EG4CR400011229.html,2
http://news.163.com/comment/9001/comment_bbs/FC/vA1BEIQFC9001IQFD.html,2
http://news.163.com/14/0718/09/A1E5RM9I00014JB6.html,2
http://news.163.com/14/0718/15/A1EQPHPA00014JB6.html,2
http://news.163.com/14/0717/12/A1BU807U00014Q4P.html,2
http://news.163.com/photoview/00AP0001/69348.html,2
http://news.163.com/comment/9001/comment_bbs/AB/vA1BOSMAB9001SMAC.html,2
http://news.163.com/14/0718/01/A1D948LK00014JB6.html,2
http://news.163.com/14/0717/19/A1CMN15M00014JB6.html,2
http://news.163.com/14/0717/16/A1CC1EVH00014JB5.html,2
http://news.163.com/14/0718/04/A1DJTU5C00014Q4P.html,2
http://news.163.com/14/0718/04/A1DLERFG00014AED.html,2
http://news.163.com/14/0718/08/A1E30D1S00011MTO.html,2
http://news.163.com/14/0717/19/A1CK5I310001124J.html,2
http://news.163.com/14/0717/18/A1CH2DQ600014AED.html,2
http://news.163.com/14/0718/12/A1EF33V600014JB6.html,2
http://news.163.com/14/0718/06/A1DSR2KD00014AED.html,2
http://news.163.com/14/0717/17/A1CEV57O00014AED.html,2
http://news.163.com/comment/9001/comment_bbs/2J/vA1BJ5D2J90015D2K.html,2
http://news.163.com/14/0718/10/A1E7NI5U00014JB6.html,2
http://news.163.com/14/0718/09/A1E5V9S100014JB6.html,2
http://news.163.com/14/0718/08/A1E2BFQ600014AEE.html,3
http://news.163.com/14/0717/20/A1CNMUBE00014JB6.html,3
http://news.163.com/14/0717/06/A1B9KQ5O00014Q4P.html,3
http://news.163.com/14/0717/06/A1BA68UG00014JB6.html,3
http://news.163.com/comment/0001/news_shehui7_bbs/5L/vA1CUS45L00011229.html,3
http://news.163.com/14/0718/18/A1F6D1GU00014JB5.html,3
http://news.163.com/comment/0001/photoview_bbs/NU/vPHOT23NU000100AO.html,3
http://news.163.com/14/0718/09/A1E555RM00014JB6.html,3
http://news.163.com/14/0717/22/A1D1GICT0001124J.html,3
http://news.163.com/14/0718/07/A1DVLNHH00014JB5.html,3
http://news.163.com/14/0718/06/A1DRFUCM00011229.html,3
http://news.163.com/air/14/0718/08/A1E3712S00014PHJ.html,3
http://news.163.com/14/0718/11/A1EE0KMU00014AED.html,3
http://news.163.com/comment/9001/comment_bbs/7Q/vA1EDIM7Q9001IM7R.html,3
http://news.163.com/air/photoview/5MC30001/69316.html,3
http://news.163.com/14/0718/15/A1EOS7H000014JB5.html,3
http://news.163.com/comment/0001/photoview_bbs/NG/vPHOT23NG000100AP.html,3
http://news.163.com/comment/0001/photoview_bbs/OP/vPHOT23OP00015MC3.html,3
http://news.163.com/comment/0001/photoview_bbs/NL/vPHOT23NL000100AN.html,3
http://news.163.com/14/0717/21/A1CROMSB0001124J.html,3
http://news.163.com/14/0717/21/A1CRUELT0001124J.html,3
http://news.163.com/comment/9001/comment_bbs/RE/vA1E5I2RE9001I2RF.html,3
http://news.163.com/photoview/57KT0001/69402.html,3
http://news.163.com/14/0718/15/A1EP7IV500014Q4P.html,3
http://news.163.com/comment/9001/comment_bbs/9J/vA1E2489J9001489K.html,3
http://news.163.com/14/0718/06/A1DR9QQE00014AEE.html,3
http://news.163.com/14/0718/08/A1E20AFK00014JB6.html,3
http://news.163.com/comment/9001/comment_bbs/JT/vA1BSABJT9001ABJU.html,4
http://news.163.com/14/0718/00/A1D7M3RJ00014JB6.html,4
http://news.163.com/14/0718/13/A1EHTS8400014JB5.html,4
http://news.163.com/14/0718/08/A1E3HQG000014AEE.html,4
http://news.163.com/photoview/00AP0001/69356.html,4
http://news.163.com/14/0717/04/A1B22RCI0001124J.html,4
http://news.163.com/14/0718/08/A1E3PKSC0001121M.html,4
http://news.163.com/14/0718/22/A1FH2QTC00014JB6.html,4
http://news.163.com/14/0718/02/A1DCJ0GB00014JB6.html,4
http://news.163.com/14/0717/17/A1CDBF2E00014AED.html,4
http://news.163.com/comment/0001/photoview_bbs/OU/vPHOT23OU00014T8E.html,4
http://news.163.com/14/0718/14/A1ELUB5900014JB6.html,4
http://news.163.com/14/0718/03/A1DHO5HT00014JB6.html,4
http://news.163.com/14/0718/15/A1ERPDDN00014JB6.html,4
http://news.163.com/14/0718/09/A1E70HQ80001121M.html,4
http://news.163.com/api/14/0718/13/A1EJJ1CN00011229.html,4
http://news.163.com/photoview/00AP0001/69410.html,4
http://news.163.com/14/0718/17/A1F1GJSO00014JB6.html,4
http://news.163.com/14/0717/08/A1BFC17A0001124J.html,4
http://news.163.com/photoview/3R710001/69285.html,4
http://news.163.com/comment/9001/comment_bbs/10/vA1CMKD109001KD11.html,5
http://news.163.com/air/photoview/5MC30001/69401.html,5
http://news.163.com/14/0718/16/A1EUNAG80001121M.html,5
http://news.163.com/14/0717/11/A1BPCUK600011229.html,5
http://news.163.com/14/0718/08/A1E2R40L00014JB6.html,5
http://news.163.com/14/0718/09/A1E7BCD60001124J.html,5
http://news.163.com/14/0718/02/A1DCRHDN00014JB6.html,5
http://news.163.com/comment/0001/photoview_bbs/NJ/vPHOT23NJ000100AP.html,5
http://news.163.com/14/0718/06/A1DQEUAJ00014JB6.html,5
http://news.163.com/14/0718/03/A1DFSO4V00014AED.html,5
http://news.163.com/photoview/00AO0001/69374.html,5
http://news.163.com/14/0718/08/A1E1EC470001121M.html,5
http://news.163.com/photoview/00AO0001/69368.html,6
http://news.163.com/photoview/00AO0001/69382.html,6
http://news.163.com/air/14/0718/10/A1E8Q7UD00014P42.html,6
http://news.163.com/14/0717/17/A1CGE4QT00011229.html,6
http://news.163.com/14/0718/00/A1D7V5VN00014JB6.html,7
http://news.163.com/14/0718/06/A1DT7JUK0001121M.html,7
http://news.163.com/14/0717/22/A1CVIJP10001124J.html,7
http://news.163.com/14/0718/06/A1DR479300014JB6.html,7
http://news.163.com/14/0718/08/A1E29LVO0001121M.html,7
http://news.163.com/14/0717/19/A1CLK4270001124J.html,7
http://news.163.com/14/0717/08/A1BET4SV0001124J.html,7
http://news.163.com/14/0717/22/A1CUS45L00011229.html,7
http://news.163.com/14/0718/09/A1E7BUJP0001121M.html,7
http://news.163.com/photoview/00AP0001/69363.html,7
http://news.163.com/14/0718/01/A1D9C0FN00014JB6.html,7
http://news.163.com/14/0717/14/A1C2UJKE0001121M.html,7
http://news.163.com/14/0718/09/A1E43RRL00011229.html,8
http://news.163.com/14/0718/15/A1EQEI2800011229.html,8
http://news.163.com/14/0718/14/A1EMDBJG00014JB6.html,9
http://news.163.com/14/0717/15/A1C6KR4Q0001124J.html,9
http://news.163.com/photoview/00AP0001/69360.html,9
http://news.163.com/14/0718/14/A1EOAO930001124J.html,9
http://news.163.com/14/0717/13/A1C2C59L00014JB6.html,9
http://news.163.com/14/0718/08/A1E2JSDL00014JB6.html,9
http://news.163.com/14/0718/13/A1EJJ1CN00011229.html,9
http://news.163.com/photoview/00AN0001/69365.html,9
http://news.163.com/14/0718/02/A1DDU3C10001121M.html,9
http://news.163.com/14/0718/03/A1DFQLOE00014AED.html,10
http://news.163.com/14/0716/17/A19R822K00011229.html,10
http://news.163.com/14/0718/03/A1DFK8EI0001124J.html,10
http://news.163.com/14/0718/10/A1E7I3T300014JB5.html,10
http://news.163.com/14/0718/14/A1EO11KO0001121M.html,11
http://news.163.com/14/0718/05/A1DN3GE800011229.html,11
http://news.163.com/14/0717/20/A1CP1IO900014JB5.html,12
http://news.163.com/14/0717/09/A1BHPAF400011229.html,12
http://news.163.com/14/0718/19/A1F6LU9F00011229.html,12
http://news.163.com/07/0830/09/3N4QPR9B000120GU.html,13
http://news.163.com/14/0718/17/A1F19C1600014JB6.html,14
http://news.163.com/14/0717/15/A1C7L5KM00011229.html,15
http://news.163.com/14/0718/09/A1E68JVO0001121M.html,16
http://news.163.com/14/0718/18/A1F3CHH700011229.html,16
http://news.163.com/14/0718/09/A1E6IRJP00014JB6.html,16
http://news.163.com/14/0718/10/A1E9BCHR0001121M.html,17
http://news.163.com/14/0718/08/A1E30INT00011229.html,17
http://news.163.com/14/0718/11/A1EBG4FG0001121M.html,17
http://news.163.com/14/0718/08/A1E2NR9800011229.html,18
http://news.163.com/14/0718/07/A1DURUUN00014JB5.html,19
http://news.163.com/14/0718/08/A1E3RSFH00014JB6.html,21
http://news.163.com/special/sp/qiyemail10.html,24
http://news.163.com/comment/0001/photoview_bbs/NM/vPHOT23NM000100AO.html,25
http://news.163.com/14/0718/05/A1DN570H00014JB6.html,29
http://news.163.com/14/0718/16/A1ET88S900011229.html,36
http://news.163.com/14/0718/06/A1DSLI1B00011229.html,37
http://news.163.com/14/0718/08/A1E2MCLC0001121M.html,38
http://news.163.com/photoview/00AO0001/69366.html,47
http://news.163.com/14/0718/07/A1DVP7M40001121M.html,50
http://news.163.com/14/0718/07/A1E0GVG50001121M.html,65
http://news.163.com/14/0718/05/A1DP4CVS0001124J.html,77
http://news.163.com/14/0717/23/A1D2DIG50001121M.html,80
http://news.163.com/special/f2e/commend_proxy.html,422
