http://news.xinhuanet.com/ent/2014-07/17/c_126762588.htm,1
http://news.xinhuanet.com/newscenter/2007-10/20/content_6911416.htm,1
http://news.xinhuanet.com/city/2014-07/16/c_126759084_8.htm,1
http://news.xinhuanet.com/legal/2003-01/21/content_5679505.htm,1
http://news.xinhuanet.com/local/2014-07/17/c_126765855.htm,1
http://news.xinhuanet.com/sports/2013-06/14/c_4858127.htm,1
http://news.xinhuanet.com/yzyd/fortune/20140712/c_1111579689.htm,1
http://news.xinhuanet.com/photo/2014-07/17/c_126765527_4.htm,1
http://news.xinhuanet.com/yzyd/finance/20140717/c_1111653784.htm,1
http://news.xinhuanet.com/fortune/2014-07/17/c_1111672765_3.htm,1
http://news.xinhuanet.com/photo/2014-07/18/c_126767274_12.htm,1
http://news.xinhuanet.com/zhengfu/2004-01/08/content_1265747.htm,1
http://news.xinhuanet.com/ent/2014-07/17/c_126762914.htm,1
http://news.xinhuanet.com/yzyd/culture/20140718/c_1111674890.htm,1
http://news.xinhuanet.com/2014-07/18/c_133492062.htm,1
http://news.xinhuanet.com/legal/2012-12/27/c_124158554.htm,1
http://news.xinhuanet.com/fortune/2014-07/17/c_126763386.htm,1
http://news.xinhuanet.com/2014-07/17/c_1111672083.htm,1
http://news.xinhuanet.com/2014-07/17/c_1111672083_4.htm,1
http://news.xinhuanet.com/local/2007-03/12/content_5834680.htm,1
http://news.xinhuanet.com/ent/2014-07/17/c_126765904.htm,1
http://news.xinhuanet.com/politics/2014-07/17/c_1111673074.htm,1
http://news.xinhuanet.com/world/2014-07/18/c_1111674906.htm,1
http://news.xinhuanet.com/overseas/2014-07/18/c_126766474.htm,1
http://news.xinhuanet.com/theory/2008-09/01/content_9746500.htm,1
http://news.xinhuanet.com/sports/2014-07/16/c_126761938.htm,1
http://news.xinhuanet.com/mil/2014-07/18/c_126767509_2.htm,1
http://news.xinhuanet.com/yzyd/world/20140718/c_1111681843.htm,1
http://news.xinhuanet.com/politics/2014-07/17/c_126766805.htm,1
http://news.xinhuanet.com/ent/2014-07/14/c_126747286.htm,1
http://news.xinhuanet.com/world/2014-07/18/c_126767282.htm,1
http://news.xinhuanet.com/ziliao/2002-11/18/content_633225.htm,1
http://news.xinhuanet.com/fortune/2014-07/18/c_126767309.htm,1
http://news.xinhuanet.com/politics/2014-07/18/c_126767134.htm,1
http://news.xinhuanet.com/zgjx/2014-07/18/c_133493214.htm,1
http://news.xinhuanet.com/newmedia/2014-07/18/c_126768510.htm,1
http://news.xinhuanet.com/english/photo/2014-07/18/c_133493208.htm,1
http://news.xinhuanet.com/newscenter/2006-05/15/content_4549152.htm,1
http://news.xinhuanet.com/legal/2003-01/21/content_5679527.htm,1
http://news.xinhuanet.com/politics/2014-07/18/c_126767050.htm,1
http://news.xinhuanet.com/ent/2014-07/14/c_126747278.htm,1
http://news.xinhuanet.com/ent/2014-07/18/c_126767970.htm,1
http://news.xinhuanet.com/legal/2014-07/18/c_126767559.htm,1
http://news.xinhuanet.com/ent/2014-07/18/c_126769220.htm,1
http://news.xinhuanet.com/ent/2014-07/14/c_126747754.htm,1
http://news.xinhuanet.com/info/2014-01/25/c_133071130.htm,1
http://news.xinhuanet.com/fortune/2014-06/20/c_1111228576.htm,1
http://news.xinhuanet.com/photo/2008-02/02/content_7550052.htm,1
http://news.xinhuanet.com/internet/2010-05/03/content_13453299.htm,1
http://news.xinhuanet.com/edu/2014-04/22/c_126416643_2.htm,1
http://news.xinhuanet.com/world/2007-04/28/content_6039657.htm,1
http://news.xinhuanet.com/2014-07/18/c_126769073.htm,1
http://news.xinhuanet.com/health/2012-09/12/c_123704621.htm,1
http://news.xinhuanet.com/yzyd/world/20140718/c_1111687465.htm,1
http://news.xinhuanet.com/finance/2014-07/18/c_126766266_5.htm,1
http://news.xinhuanet.com/mil/2013-11/15/c_125709314.htm,1
http://news.xinhuanet.com/news/2001-11/07/content_104366.htm,1
http://news.xinhuanet.com/mil/2013-11/15/c_125709314_2.htm,1
http://news.xinhuanet.com/mil/2013-11/11/c_125680049.htm,1
http://news.xinhuanet.com/lianzheng/2006-11/28/content_6292261.htm,1
http://news.xinhuanet.com/mil/2013-07/22/c_125041959_3.htm,1
http://news.xinhuanet.com/mil/2013-06/06/c_124818951_4.htm,1
http://news.xinhuanet.com/ent/2014-07/18/c_126769774.htm,1
http://news.xinhuanet.com/fortune/2012-02/16/c_122711734.htm,1
http://news.xinhuanet.com/mil/2013-05/14/c_124709191_3.htm,1
http://news.xinhuanet.com/local/2014-06/03/c_126575804.htm,1
http://news.xinhuanet.com/ent/2014-07/16/c_126759338.htm,1
http://news.xinhuanet.com/city/2014-06/23/c_126659781.htm,1
http://news.xinhuanet.com/photo/2008-11/14/content_10357674.htm,1
http://news.xinhuanet.com/photo/2014-07/18/c_126769859.htm,1
http://news.xinhuanet.com/photo/2014-07/18/c_126770297_5.htm,1
http://news.xinhuanet.com/photo/2014-07/18/c_126770297_7.htm,1
http://news.xinhuanet.com/fortune/2005-04/19/content_2849441.htm,1
http://news.xinhuanet.com/mil/2014-07/18/c_126767034_2.htm,1
http://news.xinhuanet.com/forum/2014-07/17/c_126760185.htm,1
http://news.xinhuanet.com/world/2006-07/31/content_4898395.htm,1
http://news.xinhuanet.com/2014-07/18/c_1111688770.htm,1
http://news.xinhuanet.com/mil/2014-07/18/c_126767032_3.htm,1
http://news.xinhuanet.com/mil/2014-06/06/c_126585597_6.htm,1
http://news.xinhuanet.com/mil/2014-06/06/c_126585597_13.htm,1
http://news.xinhuanet.com/mil/2014-06/06/c_126585597_14.htm,1
http://news.xinhuanet.com/mil/2014-06/06/c_126585597_17.htm,1
http://news.xinhuanet.com/world/2014-07/18/c_126770815.htm,1
http://news.xinhuanet.com/ziliao/2014-07/18/c_126767834_9.htm,1
http://news.xinhuanet.com/rwk/2013-03/25/c_124500457.htm,1
http://news.xinhuanet.com/mil/2014-07/18/c_126770016_13.htm,1
http://news.xinhuanet.com/world/2014-07/18/c_126770468_2.htm,1
http://news.xinhuanet.com/nsports/2002-07/03/content_467264.htm,1
http://news.xinhuanet.com/ent/2014-07/18/c_126770301.htm,1
http://news.xinhuanet.com/legal/2012-07/04/c_123370241.htm,1
http://news.xinhuanet.com/food/2005-03/09/content_2671349.htm,1
http://news.xinhuanet.com/legal/2014-07/18/c_126769134_2.htm,1
http://news.xinhuanet.com/photo/2014-07/17/c_126765618_8.htm,1
http://news.xinhuanet.com/ent/2014-07/17/c_126764795.htm,1
http://news.xinhuanet.com/auto/2014-04/29/c_126444756_7.htm,1
http://news.xinhuanet.com/auto/2014-04/29/c_126444756_9.htm,1
http://news.xinhuanet.com/auto/2014-04/29/c_126444756_14.htm,1
http://news.xinhuanet.com/auto/2014-06/25/c_126663559.htm,1
http://news.xinhuanet.com/politics/2013-06/14/c_124853576_3.htm,1
http://news.xinhuanet.com/photo/2014-07/17/c_126765875.htm,1
http://news.xinhuanet.com/yzyd/world/20140718/c_1111693357.htm,1
http://news.xinhuanet.com/world/2014-07/18/c_126771112.htm,1
http://news.xinhuanet.com/ent/2014-01/14/c_126000179.htm,1
http://news.xinhuanet.com/world/2014-07/17/c_1111673617.htm,1
http://news.xinhuanet.com/info/2014-07/18/c_133492658.htm,1
http://news.xinhuanet.com/photo/2014-07/18/c_126770546.htm,1
http://news.xinhuanet.com/school/2003-08/05/content_1010793.htm,1
http://news.xinhuanet.com/tw/2014-06/02/c_126572091_2.htm,1
http://news.xinhuanet.com/tw/2014-06/02/c_126572091_3.htm,1
http://news.xinhuanet.com/ent/2014-07/18/c_126768973_2.htm,1
http://news.xinhuanet.com/ent/2007-01/29/content_5668944.htm,1
http://news.xinhuanet.com/ziliao/2010-03/26/content_13252289.htm,1
http://news.xinhuanet.com/tech/2014-07/14/c_1111606116.htm,1
http://news.xinhuanet.com/shuhua/2011-03/18/c_121203235.htm,1
http://news.xinhuanet.com/edu/2012-02/26/c_122750703.htm,1
http://news.xinhuanet.com/legal/2008-09/01/content_9747559.htm,1
http://news.xinhuanet.com/it/2005-08/08/content_3323384_2.htm,1
http://news.xinhuanet.com/legal/2007-04/16/content_5981822.htm,1
http://news.xinhuanet.com/zhengfu/2005-03/16/content_2704580.htm,1
http://news.xinhuanet.com/mil/2008-12/09/content_10475724.htm,1
http://news.xinhuanet.com/2013-01/13/m_114346543.htm,1
http://news.xinhuanet.com/fortune/2014-07/17/c_1111671931.htm,1
http://news.xinhuanet.com/fortune/2014-07/17/c_1111673233.htm,1
http://news.xinhuanet.com/mil/2014-07/18/c_126767046.htm,1
http://news.xinhuanet.com/yzyd/local/20140718/c_1111674821.htm,1
http://news.xinhuanet.com/politics/2014-07/17/c_126762320.htm,1
http://news.xinhuanet.com/newscenter/2003-01/16/content_692016.htm,1
http://news.xinhuanet.com/comments/2014-07/17/c_1111657411.htm,1
http://news.xinhuanet.com/health/2007-08/08/content_6491149.htm,1
http://news.xinhuanet.com/fortune/2014-07/17/c_1111673127.htm,1
http://news.xinhuanet.com/2013-05/29/m_124779878.htm,1
http://news.xinhuanet.com/2013-06/05/c_116046800.htm,1
http://news.xinhuanet.com/politics/2010-03/03/content_13089315.htm,1
http://news.xinhuanet.com/travel/2006-07/06/content_4801503.htm,1
http://news.xinhuanet.com/ziliao/2002-01/16/content_240608.htm,1
http://news.xinhuanet.com/ent/2014-07/17/c_126764303.htm,1
http://news.xinhuanet.com/health/2008-10/27/content_10257702.htm,1
http://news.xinhuanet.com/world/2014-07/18/c_1111673978.htm,1
http://news.xinhuanet.com/book/2013-11/08/c_125671561_2.htm,1
http://news.xinhuanet.com/zhengfu/2002-11/11/content_625754.htm,1
http://news.xinhuanet.com/world/2014-07/17/c_126766484_8.htm,1
http://news.xinhuanet.com/ziliao/2002-01/15/content_238527.htm,1
http://news.xinhuanet.com/ent/2014-05/20/c_126523367.htm,1
http://news.xinhuanet.com/world/2014-07/18/c_126767411.htm,1
http://news.xinhuanet.com/2014-07/17/c_1111670981_2.htm,1
http://news.xinhuanet.com/mil/2014-07/18/c_126767509.htm,1
http://news.xinhuanet.com/photo/2014-03/05/c_126225265_3.htm,1
http://news.xinhuanet.com/ent/2014-07/17/c_126764546.htm,1
http://news.xinhuanet.com/ziliao/2008-03/21/content_7831925.htm,1
http://news.xinhuanet.com/photo/2014-07/18/c_126767230.htm,1
http://news.xinhuanet.com/mil/2014-07/18/c_126768879.htm,1
http://news.xinhuanet.com/travel/2007-09/29/content_6812732.htm,1
http://news.xinhuanet.com/photo/2011-06/27/c_121591902.htm,1
http://news.xinhuanet.com/ent/2013-06/28/c_124925182.htm,1
http://news.xinhuanet.com/politics/2007-04/28/content_6037833.htm,1
http://news.xinhuanet.com/2014-07/18/c_133492772.htm,1
http://news.xinhuanet.com/world/2014-07/18/c_126769763.htm,1
http://news.xinhuanet.com/local/2014-07/18/c_1111686093.htm,1
http://news.xinhuanet.com/2013-03/21/m_115114169.htm,1
http://news.xinhuanet.com/legal/2014-07/16/c_126759920.htm,1
http://news.xinhuanet.com/blog/2007-04/17/content_5986772.htm,1
http://news.xinhuanet.com/mil/2013-11/11/c_125680049_2.htm,1
http://news.xinhuanet.com/mil/2013-11/09/c_125676958_2.htm,1
http://news.xinhuanet.com/mil/2013-11/09/c_125676958_4.htm,1
http://news.xinhuanet.com/mil/2013-11/09/c_125676958_7.htm,1
http://news.xinhuanet.com/mil/2013-09/03/c_125299143.htm,1
http://news.xinhuanet.com/mil/2013-09/03/c_125299143_8.htm,1
http://news.xinhuanet.com/mil/2013-08/12/c_125154750.htm,1
http://news.xinhuanet.com/mil/2013-08/12/c_125154750_2.htm,1
http://news.xinhuanet.com/mil/2013-06/06/c_124818951.htm,1
http://news.xinhuanet.com/mil/2013-06/06/c_124818951_7.htm,1
http://news.xinhuanet.com/2014-05/15/c_1110712272.htm,1
http://news.xinhuanet.com/ent/2014-07/18/c_126769225_3.htm,1
http://news.xinhuanet.com/mil/2013-05/14/c_124709191_7.htm,1
http://news.xinhuanet.com/english/china/2014-07/18/c_133493924.htm,1
http://news.xinhuanet.com/book/2005-09/08/content_3460428.htm,1
http://news.xinhuanet.com/world/2014-07/18/c_126769562.htm,1
http://news.xinhuanet.com/yzyd/world/20140718/c_1111689815.htm,1
http://news.xinhuanet.com/ziliao/2004-07/20/content_1618290.htm,1
http://news.xinhuanet.com/photo/2014-07/18/c_126770297_6.htm,1
http://news.xinhuanet.com/fortune/2012-04/05/c_122931528.htm,1
http://news.xinhuanet.com/mil/2014-07/17/c_126763734.htm,1
http://news.xinhuanet.com/mil/2014-07/16/c_126757396_5.htm,1
http://news.xinhuanet.com/video/2014-07/18/c_133493001.htm,1
http://news.xinhuanet.com/food/2013-09/09/c_125265780_6.htm,1
http://news.xinhuanet.com/mil/2014-06/06/c_126585597_15.htm,1
http://news.xinhuanet.com/ziliao/2002-01/21/content_246263.htm,1
http://news.xinhuanet.com/forum/2014-07/17/c_126760405.htm,1
http://news.xinhuanet.com/local/2014-07/18/c_126767221_4.htm,1
http://news.xinhuanet.com/world/2014-07/18/c_1111690854.htm,1
http://news.xinhuanet.com/photo/2014-07/18/c_126770156_2.htm,1
http://news.xinhuanet.com/info/2014-07/18/c_133492348.htm,1
http://news.xinhuanet.com/world/2014-07/18/c_126766631.htm,1
http://news.xinhuanet.com/local/2014-07/18/c_126770168.htm,1
http://news.xinhuanet.com/photo/2014-07/18/c_126770964.htm,1
http://news.xinhuanet.com/mil/2014-07/18/c_126751162.htm,1
http://news.xinhuanet.com/ent/2014-07/18/c_126769194.htm,1
http://news.xinhuanet.com/photo/2014-07/17/c_126765618_2.htm,1
http://news.xinhuanet.com/gangao/2014-07/18/c_126769810_7.htm,1
http://news.xinhuanet.com/gangao/2014-07/18/c_126769810_10.htm,1
http://news.xinhuanet.com/mil/2014-07/18/c_126768974_2.htm,1
http://news.xinhuanet.com/auto/2014-06/25/c_126663559_2.htm,1
http://news.xinhuanet.com/world/2014-07/18/c_126766630.htm,1
http://news.xinhuanet.com/photo/2014-07/18/c_126771017_2.htm,1
http://news.xinhuanet.com/video/2014-07/18/c_133493116.htm,1
http://news.xinhuanet.com/ent/2014-07/18/c_126769465.htm,1
http://news.xinhuanet.com/it/2006-06/15/content_4699539.htm,1
http://news.xinhuanet.com/auto/2014-07/17/c_126765400_9.htm,1
http://news.xinhuanet.com/politics/2014-07/17/c_126762788.htm,1
http://news.xinhuanet.com/mil/2014-07/18/c_126770375_2.htm,1
http://news.xinhuanet.com/legal/2012-04/10/c_111761746.htm,1
http://news.xinhuanet.com/ent/2014-07/18/c_126768973_5.htm,1
http://news.xinhuanet.com/fashion/2013-04/10/c_124558187_2.htm,1
http://news.xinhuanet.com/newscenter/2005-06/05/content_3046504_1.htm,1
http://news.xinhuanet.com/legal/2014-07/16/c_126757553.htm,1
http://news.xinhuanet.com/auto/2011-07/08/c_121639501_4.htm,1
http://news.xinhuanet.com/ent/2014-07/17/c_126764872.htm,1
http://news.xinhuanet.com/legal/ttgg/2014-04/11/c_126382020.htm,1
http://news.xinhuanet.com/world/2014-07/18/c_126766902.htm,1
http://news.xinhuanet.com/photo/2014-07/18/c_126767022.htm,1
http://news.xinhuanet.com/tech/2012-02/22/c_122738563.htm,1
http://news.xinhuanet.com/politics/2014-07/17/c_1111668035.htm,1
http://news.xinhuanet.com/photo/2014-07/18/c_126767274_2.htm,1
http://news.xinhuanet.com/photo/2014-07/18/c_126767274_3.htm,1
http://news.xinhuanet.com/comments/2004-12/20/content_2356908.htm,1
http://news.xinhuanet.com/tech/2014-07/17/c_1111668818.htm,1
http://news.xinhuanet.com/yzyd/world/20140717/c_1111666556.htm,1
http://news.xinhuanet.com/local/2014-07/18/c_126767408_6.htm,1
http://news.xinhuanet.com/tw/2009-12/27/content_12712394.htm,1
http://news.xinhuanet.com/auto/2010-08/31/c_12501241_2.htm,1
http://news.xinhuanet.com/local/2014-07/18/c_126767110.htm,1
http://news.xinhuanet.com/world/2014-07/18/c_126767934.htm,1
http://news.xinhuanet.com/auto/2007-09/10/content_6694515.htm,1
http://news.xinhuanet.com/2014-07/18/c_1111676680.htm,1
http://news.xinhuanet.com/2012-06/12/c_112201024.htm,1
http://news.xinhuanet.com/yzyd/local/20140718/c_1111675817.htm,1
http://news.xinhuanet.com/local/2014-07/17/c_1111653265.htm,1
http://news.xinhuanet.com/2014-07/17/c_1111670981_5.htm,1
http://news.xinhuanet.com/legal/2005-01/14/content_2459616.htm,1
http://news.xinhuanet.com/life/2008-07/18/content_8568949.htm,1
http://news.xinhuanet.com/video/2014-07/18/c_126768382.htm,1
http://news.xinhuanet.com/ziliao/2002-11/18/content_633225_1.htm,1
http://news.xinhuanet.com/legal/2012-08/15/c_123585979.htm,1
http://news.xinhuanet.com/mil/2014-07/18/c_126767143_4.htm,1
http://news.xinhuanet.com/mil/2014-07/18/c_126769097.htm,1
http://news.xinhuanet.com/abroad/2014-07/17/c_126765934.htm,1
http://news.xinhuanet.com/legal/2014-07/18/c_126768412.htm,1
http://news.xinhuanet.com/blog/2007-05/16/content_6101948.htm,1
http://news.xinhuanet.com/politics/2014-02/14/c_126132616.htm,1
http://news.xinhuanet.com/lianzheng/2009-06/24/content_11587034.htm,1
http://news.xinhuanet.com/mil/2014-07/17/c_126762934.htm,1
http://news.xinhuanet.com/mil/2014-07/08/c_126723634_27.htm,1
http://news.xinhuanet.com/legal/2008-02/02/content_7549176.htm,1
http://news.xinhuanet.com/finance/2014-07/17/c_126764931.htm,1
http://news.xinhuanet.com/ent/2014-07/10/c_126735816.htm,1
http://news.xinhuanet.com/politics/2011-07/04/c_121620821_11.htm,1
http://news.xinhuanet.com/forum/2014-07/17/c_133490688.htm,1
http://news.xinhuanet.com/finance/2014-07/18/c_126766266_7.htm,1
http://news.xinhuanet.com/politics/2012-08/13/c_112695440.htm,1
http://news.xinhuanet.com/photo/2006-02/17/content_4190414.htm,1
http://news.xinhuanet.com/mil/2013-07/22/c_125041959_2.htm,1
http://news.xinhuanet.com/mil/2013-07/22/c_125041959_5.htm,1
http://news.xinhuanet.com/mil/2013-07/21/c_125040281.htm,1
http://news.xinhuanet.com/mil/2013-06/06/c_124818951_2.htm,1
http://news.xinhuanet.com/mil/2013-06/06/c_124818951_8.htm,1
http://news.xinhuanet.com/politics/2014-07/18/c_126769359.htm,1
http://news.xinhuanet.com/politics/2014-07/18/c_1111680722_2.htm,1
http://news.xinhuanet.com/mil/2013-05/14/c_124706130.htm,1
http://news.xinhuanet.com/mil/2013-05/09/c_124687135.htm,1
http://news.xinhuanet.com/fortune/2013-12/14/c_125859392.htm,1
http://news.xinhuanet.com/world/2014-07/18/c_126769562_2.htm,1
http://news.xinhuanet.com/photo/2014-07/18/c_126770297_12.htm,1
http://news.xinhuanet.com/photo/2014-07/18/c_126770297_17.htm,1
http://news.xinhuanet.com/2012-06/13/c_112210531.htm,1
http://news.xinhuanet.com/mil/2014-07/16/c_126757396_2.htm,1
http://news.xinhuanet.com/mil/2014-06/06/c_126584733.htm,1
http://news.xinhuanet.com/mil/2014-06/06/c_126585597_5.htm,1
http://news.xinhuanet.com/info/2014-07/17/c_133489841.htm,1
http://news.xinhuanet.com/mil/2014-07/18/c_126763723.htm,1
http://news.xinhuanet.com/ent/2014-07/18/c_126769394.htm,1
http://news.xinhuanet.com/auto/2014-07/16/c_126757768.htm,1
http://news.xinhuanet.com/ziliao/2014-07/18/c_126767834_3.htm,1
http://news.xinhuanet.com/ent/2014-07/18/c_126770303.htm,1
http://news.xinhuanet.com/food/2005-10/20/content_3654305.htm,1
http://news.xinhuanet.com/mil/2008-12/11/content_10488779.htm,1
http://news.xinhuanet.com/ent/2014-07/18/c_126766379.htm,1
http://news.xinhuanet.com/gangao/2014-07/18/c_126769810_11.htm,1
http://news.xinhuanet.com/auto/2014-04/29/c_126444756_8.htm,1
http://news.xinhuanet.com/auto/2014-04/29/c_126444756_13.htm,1
http://news.xinhuanet.com/auto/2014-04/29/c_126444756_15.htm,1
http://news.xinhuanet.com/auto/2014-04/29/c_126444756_16.htm,1
http://news.xinhuanet.com/yzyd/world/20140718/c_1111688596.htm,1
http://news.xinhuanet.com/photo/2011-05/06/c_121387731_4.htm,1
http://news.xinhuanet.com/finance/2014-07/18/c_126767860.htm,1
http://news.xinhuanet.com/video/2007-01/10/content_5586653.htm,1
http://news.xinhuanet.com/ent/2014-07/18/c_126767990.htm,1
http://news.xinhuanet.com/newscenter/2007-12/05/content_7200513.htm,1
http://news.xinhuanet.com/video/2013-03/01/c_124404741.htm,1
http://news.xinhuanet.com/food/2013-03/08/c_124434753.htm,1
http://news.xinhuanet.com/yzyd/local/20140718/c_1111693631.htm,1
http://news.xinhuanet.com/ent/2006-05/18/content_4564441.htm,1
http://news.xinhuanet.com/newmedia/2014-06/20/c_126647674.htm,1
http://news.xinhuanet.com/legal/2003-05/29/content_892360.htm,1
http://news.xinhuanet.com/ent/2014-07/12/c_126743368_8.htm,1
http://news.xinhuanet.com/politics/2011-02/20/c_121101832_3.htm,1
http://news.xinhuanet.com/ent/2014-07/18/c_126770450.htm,1
http://news.xinhuanet.com/tw/2014-06/02/c_126572091_5.htm,1
http://news.xinhuanet.com/sports/2014-07/18/c_126771300.htm,1
http://news.xinhuanet.com/legal/2007-05/21/content_6128681.htm,1
http://news.xinhuanet.com/fashion/2013-10/09/c_125470387_2.htm,1
http://news.xinhuanet.com/ent/2014-07/10/c_126735140.htm,1
http://news.xinhuanet.com/auto/2011-07/08/c_121639501_3.htm,1
http://news.xinhuanet.com/food/2014-06/29/c_126679436_17.htm,1
http://news.xinhuanet.com/society/2008-02/15/content_7606820.htm,1
http://news.xinhuanet.com/ziliao/2004-07/14/content_1600008.htm,1
http://news.xinhuanet.com/fortune/2014-07/17/c_1111673143.htm,1
http://news.xinhuanet.com/2013lh/2013-03/10/m_114965262.htm,1
http://news.xinhuanet.com/overseas/2012-04/30/c_123047053_2.htm,1
http://news.xinhuanet.com/photo/2014-07/18/c_126767274_6.htm,1
http://news.xinhuanet.com/photo/2014-07/18/c_126767274_11.htm,1
http://news.xinhuanet.com/edu/2013-08/09/m_125139518.htm,1
http://news.xinhuanet.com/2014-06/24/c_1111294447.htm,1
http://news.xinhuanet.com/local/2014-07/18/c_126767408_4.htm,1
http://news.xinhuanet.com/local/2014-07/18/c_126767408_7.htm,1
http://news.xinhuanet.com/mil/2014-07/17/c_126764771.htm,1
http://news.xinhuanet.com/life/2011-09/06/c_121980316.htm,1
http://news.xinhuanet.com/legal/2010-03/01/content_13072398_5.htm,1
http://news.xinhuanet.com/fortune/2014-07/17/c_126763597.htm,1
http://news.xinhuanet.com/food/2012-05/15/c_123127588.htm,1
http://news.xinhuanet.com/politics/2007-06/29/content_6309196.htm,1
http://news.xinhuanet.com/photo/2009-09/14/content_12050545.htm,1
http://news.xinhuanet.com/newscenter/2002-09/23/content_571053.htm,1
http://news.xinhuanet.com/legal/2014-07/18/c_1111680450.htm,1
http://news.xinhuanet.com/local/2014-0%EF%BC%8C7/18/c_1111676694.htm,1
http://news.xinhuanet.com/fashion/2014-05/27/c_126537884.htm,1
http://news.xinhuanet.com/ent/2014-07/18/c_126768234.htm,1
http://news.xinhuanet.com/fortune/2014-07/17/c_1111670053.htm,1
http://news.xinhuanet.com/ent/2014-07/18/c_126768232.htm,1
http://news.xinhuanet.com/video/2009-02/13/content_10813356.htm,1
http://news.xinhuanet.com/world/2008-12/31/content_10585100.htm,1
http://news.xinhuanet.com/environment/2006-04/07/content_4394927_6.htm,1
http://news.xinhuanet.com/yzyd/local/20140718/c_1111677571.htm,1
http://news.xinhuanet.com/ziliao/2003-01/18/content_695422_1.htm,1
http://news.xinhuanet.com/ziliao/2004-10/15/content_2094073.htm,1
http://news.xinhuanet.com/ent/2014-07/10/c_126733277.htm,1
http://news.xinhuanet.com/ent/2014-07/18/c_126769402.htm,1
http://news.xinhuanet.com/yzyd/world/20140718/c_1111686017.htm,1
http://news.xinhuanet.com/auto/2014-07/17/c_126765400_2.htm,1
http://news.xinhuanet.com/ent/2009-01/04/content_10599280.htm,1
http://news.xinhuanet.com/overseas/2014-07/17/c_126761837.htm,1
http://news.xinhuanet.com/yzyd/world/20140718/c_1111687001.htm,1
http://news.xinhuanet.com/book/2014-05/30/c_126566334.htm,1
http://news.xinhuanet.com/yzyd/world/20140718/c_1111686978.htm,1
http://news.xinhuanet.com/2013-12/30/c_118767574.htm,1
http://news.xinhuanet.com/world/2014-07/18/c_126767140.htm,1
http://news.xinhuanet.com/mil/2013-09/03/c_125299143_3.htm,1
http://news.xinhuanet.com/mil/2013-09/03/c_125299143_4.htm,1
http://news.xinhuanet.com/mil/2008-01/22/content_7469418.htm,1
http://news.xinhuanet.com/mil/2013-06/06/c_124818951_5.htm,1
http://news.xinhuanet.com/mil/2013-06/06/c_124818951_6.htm,1
http://news.xinhuanet.com/ent/2014-07/18/c_126768379.htm,1
http://news.xinhuanet.com/mil/2013-05/14/c_124709191.htm,1
http://news.xinhuanet.com/yzyd/culture/20140717/c_1111653740.htm,1
http://news.xinhuanet.com/newmedia/2014-06/11/c_126603304.htm,1
http://news.xinhuanet.com/legal/2009-02/28/content_10918146.htm,1
http://news.xinhuanet.com/overseas/2014-07/16/c_126761727.htm,1
http://news.xinhuanet.com/photo/2014-07/18/c_126770297_16.htm,1
http://news.xinhuanet.com/photo/2014-07/18/c_126770297_19.htm,1
http://news.xinhuanet.com/yzyd/ent/20140718/c_1111686422.htm,1
http://news.xinhuanet.com/2014-07/18/c_1111677162.htm,1
http://news.xinhuanet.com/ziliao/2007-06/20/content_6265617.htm,1
http://news.xinhuanet.com/mil/2014-07/16/c_126757396.htm,1
http://news.xinhuanet.com/mil/2014-06/16/c_126626023_5.htm,1
http://news.xinhuanet.com/mil/2014-06/06/c_126585597_3.htm,1
http://news.xinhuanet.com/mil/2014-06/06/c_126585597_11.htm,1
http://news.xinhuanet.com/food/2013-09/09/c_125265780_8.htm,1
http://news.xinhuanet.com/ziliao/2014-07/18/c_126767834.htm,1
http://news.xinhuanet.com/travel/2014-07/18/c_126768082.htm,1
http://news.xinhuanet.com/fortune/2011-01/26/c_121024566_3.htm,1
http://news.xinhuanet.com/2014-06/24/c_1111294450.htm,1
http://news.xinhuanet.com/local/2014-07/18/c_1111673618_3.htm,1
http://news.xinhuanet.com/yzyd/world/20140718/c_1111690943.htm,1
http://news.xinhuanet.com/society/2010-05/14/c_12103567.htm,1
http://news.xinhuanet.com/2014-07/17/c_1111672692.htm,1
http://news.xinhuanet.com/2012-08/30/c_112908135.htm,1
http://news.xinhuanet.com/gangao/2014-07/18/c_126769810_9.htm,1
http://news.xinhuanet.com/auto/2014-04/29/c_126444756_17.htm,1
http://news.xinhuanet.com/auto/2014-06/25/c_126663559_3.htm,1
http://news.xinhuanet.com/mil/2014-07/18/c_126767143_3.htm,1
http://news.xinhuanet.com/ent/2012-09/18/c_123729060.htm,1
http://news.xinhuanet.com/info/2014-07/17/c_133489861.htm,1
http://news.xinhuanet.com/tech/2009-09/23/content_12100955.htm,1
http://news.xinhuanet.com/collection/2005-05/25/content_2998164.htm,1
http://news.xinhuanet.com/blog/2007-07/24/content_6423013.htm,1
http://news.xinhuanet.com/forum/2011-09/25/c_122078205_12.htm,1
http://news.xinhuanet.com/house/hf/2014-07-18/c_1111692777.htm,1
http://news.xinhuanet.com/auto/2014-07/18/c_126760622.htm,1
http://news.xinhuanet.com/edu/2014-04/29/c_1110462636.htm,1
http://news.xinhuanet.com/ziliao/2014-07/11/c_126739851.htm,1
http://news.xinhuanet.com/yzyd/legal/20140717/c_1111669036.htm,1
http://news.xinhuanet.com/world/2014-07/17/c_126762962.htm,1
http://news.xinhuanet.com/photo/2010-03/26/content_13250994.htm,1
http://news.xinhuanet.com/lady/2011-02/28/c_121123053.htm,1
http://news.xinhuanet.com/lianzheng/2014-07/17/c_126766373.htm,1
http://news.xinhuanet.com/world/2014-07/18/c_126766865.htm,1
http://news.xinhuanet.com/world/2014-07/15/c_126752884.htm,1
http://news.xinhuanet.com/yzyd/world/20140718/c_1111673877.htm,1
http://news.xinhuanet.com/ent/2005-03/15/content_2698279.htm,1
http://news.xinhuanet.com/health/2005-11/16/content_3789488_1.htm,1
http://news.xinhuanet.com/2014-07/18/c_1111674040.htm,1
http://news.xinhuanet.com/2014-04/28/c_1110435425.htm,1
http://news.xinhuanet.com/2014-06/22/c_1111256690.htm,1
http://news.xinhuanet.com/photo/2014-07/18/c_126767274_4.htm,1
http://news.xinhuanet.com/photo/2014-07/18/c_126767274_7.htm,1
http://news.xinhuanet.com/overseas/2014-07/18/c_126766344.htm,1
http://news.xinhuanet.com/world/2014-07/18/c_1111674018.htm,1
http://news.xinhuanet.com/health/2005-01/13/content_2453233.htm,1
http://news.xinhuanet.com/world/2014-07/18/c_126767505.htm,1
http://news.xinhuanet.com/local/2014-07/17/c_1111673607.htm,1
http://news.xinhuanet.com/ent/2014-07/17/c_126764168.htm,1
http://news.xinhuanet.com/world/2014-07/17/c_126766625.htm,1
http://news.xinhuanet.com/shuhua/2010-05/13/content_13483484.htm,1
http://news.xinhuanet.com/2014-07/17/c_1111670981_7.htm,1
http://news.xinhuanet.com/mrdx/2013-08/07/c_132609393.htm,1
http://news.xinhuanet.com/tw/2014-07/17/c_126762344.htm,1
http://news.xinhuanet.com/photo/2014-03/05/c_126225265_2.htm,1
http://news.xinhuanet.com/newscenter/2007-08/28/content_6621321.htm,1
http://news.xinhuanet.com/newscenter/2007-08/15/content_6535008.htm,1
http://news.xinhuanet.com/fortune/2014-07/17/c_1111672559.htm,1
http://news.xinhuanet.com/health/2007-10/30/content_6973864.htm,1
http://news.xinhuanet.com/local/2009-01/01/content_10588297.htm,1
http://news.xinhuanet.com/newscenter/2006-04/03/content_4379553.htm,1
http://news.xinhuanet.com/newscenter/2006-04/03/content_4379554.htm,1
http://news.xinhuanet.com/world/2013-06/21/c_124893732_2.htm,1
http://news.xinhuanet.com/photo/2011-06/27/c_121591902_2.htm,1
http://news.xinhuanet.com/world/2014-07/18/c_126769565.htm,1
http://news.xinhuanet.com/yzyd/mil/20140718/c_1111686595.htm,1
http://news.xinhuanet.com/mil/2013-11/09/c_125676958_5.htm,1
http://news.xinhuanet.com/mil/2013-11/09/c_125676958_9.htm,1
http://news.xinhuanet.com/mil/2013-11/09/c_125676958_10.htm,1
http://news.xinhuanet.com/mil/2013-09/03/c_125299143_2.htm,1
http://news.xinhuanet.com/mil/2013-07/22/c_125041959.htm,1
http://news.xinhuanet.com/mil/2013-06/06/c_124818951_3.htm,1
http://news.xinhuanet.com/mil/2013-05/14/c_124709191_5.htm,1
http://news.xinhuanet.com/mil/2013-05/14/c_124706130_2.htm,1
http://news.xinhuanet.com/politics/2010-03/14/content_13169104.htm,1
http://news.xinhuanet.com/city/2014-07/18/c_126768368.htm,1
http://news.xinhuanet.com/mrdx/2008-08/07/content_9022567.htm,1
http://news.xinhuanet.com/photo/2014-07/18/c_126770297_4.htm,1
http://news.xinhuanet.com/photo/2014-07/18/c_126770297_9.htm,1
http://news.xinhuanet.com/fortune/2006-04/26/content_4474958.htm,1
http://news.xinhuanet.com/politics/2014-07/15/c_126755655_3.htm,1
http://news.xinhuanet.com/lianzheng/2014-07/18/c_1111684079.htm,1
http://news.xinhuanet.com/renshi/2014-07/17/c_126763162.htm,1
http://news.xinhuanet.com/gangao/2014-07/18/c_126767169.htm,1
http://news.xinhuanet.com/mil/2014-07/16/c_126757396_4.htm,1
http://news.xinhuanet.com/mil/2014-07/18/c_126767032_4.htm,1
http://news.xinhuanet.com/mil/2014-07/18/c_126767032_6.htm,1
http://news.xinhuanet.com/mil/2014-06/16/c_126626023_6.htm,1
http://news.xinhuanet.com/mil/2014-06/06/c_126585597_2.htm,1
http://news.xinhuanet.com/mil/2014-06/06/c_126585597_4.htm,1
http://news.xinhuanet.com/mil/2014-06/06/c_126585597_7.htm,1
http://news.xinhuanet.com/mil/2014-06/06/c_126585597_16.htm,1
http://news.xinhuanet.com/photo/2011-12/21/c_122460552_7.htm,1
http://news.xinhuanet.com/world/2014-07/18/c_126768137.htm,1
http://news.xinhuanet.com/ent/2014-07/18/c_126769922.htm,1
http://news.xinhuanet.com/mrdx/2008-06/27/content_8450258.htm,1
http://news.xinhuanet.com/local/2014-07/18/c_126767221_5.htm,1
http://news.xinhuanet.com/gangao/2014-07/18/c_126769874.htm,1
http://news.xinhuanet.com/local/2014-07/18/c_1111673618_8.htm,1
http://news.xinhuanet.com/local/2014-07/18/c_1111673618_9.htm,1
http://news.xinhuanet.com/local/2014-07/18/c_1111673618_6.htm,1
http://news.xinhuanet.com/health/2014-07/18/c_1111693003.htm,1
http://news.xinhuanet.com/politics/2007-10/22/content_6924949.htm,1
http://news.xinhuanet.com/food/2005-10/20/content_3654305_4.htm,1
http://news.xinhuanet.com/gangao/2014-07/18/c_126769810_3.htm,1
http://news.xinhuanet.com/gangao/2014-07/18/c_126769810_4.htm,1
http://news.xinhuanet.com/politics/2014-07/18/c_1111690607.htm,1
http://news.xinhuanet.com/gangao/2014-07/18/c_126769810_12.htm,1
http://news.xinhuanet.com/yzyd/local/20140718/c_1111693196.htm,1
http://news.xinhuanet.com/ent/2014-07/16/c_126761435.htm,1
http://news.xinhuanet.com/photo/2011-05/06/c_121387731_7.htm,1
http://news.xinhuanet.com/newscenter/2008-05/04/content_8096128.htm,1
http://news.xinhuanet.com/yzyd/ent/20140718/c_1111693531.htm,1
http://news.xinhuanet.com/overseas/2014-05/11/c_126486147.htm,1
http://news.xinhuanet.com/newscenter/2005-09/07/content_3453399.htm,1
http://news.xinhuanet.com/fortune/2014-07/18/c_126770922.htm,1
http://news.xinhuanet.com/newmedia/2008-07/08/content_8510966.htm,1
http://news.xinhuanet.com/world/2014-07/18/c_126771224.htm,1
http://news.xinhuanet.com/tw/2014-06/02/c_126572091_4.htm,1
http://news.xinhuanet.com/mil/2014-07/18/c_126769617.htm,1
http://news.xinhuanet.com/local/2014-07/18/c_126767054_2.htm,1
http://news.xinhuanet.com/travel/2013-03/07/c_124424306_4.htm,1
http://news.xinhuanet.com/ent/2007-01/29/content_5669044.htm,1
http://news.xinhuanet.com/newscenter/2003-08/29/content_1051830.htm,1
http://news.xinhuanet.com/newscenter/2008-06/05/content_8317842.htm,1
http://news.xinhuanet.com/auto/2014-07/11/c_126739169_2.htm,1
http://news.xinhuanet.com/local/2014-07/17/c_1111673642.htm,1
http://news.xinhuanet.com/yzyd/ent/20140717/c_1111670183.htm,1
http://news.xinhuanet.com/city/2014-07/16/c_126759084_7.htm,1
http://news.xinhuanet.com/legal/2004-06/18/content_1532621.htm,1
http://news.xinhuanet.com/video/2010-09/01/c_12505262.htm,1
http://news.xinhuanet.com/photo/2008-04/07/content_7931815.htm,1
http://news.xinhuanet.com/auto/2005-08/08/content_3324718.htm,1
http://news.xinhuanet.com/ziliao/2005-04/13/content_2823221.htm,1
http://news.xinhuanet.com/mrdx/2010-06/27/content_13755085.htm,1
http://news.xinhuanet.com/edu/2008-04/15/content_7980242.htm,1
http://news.xinhuanet.com/politics/2014-07/17/c_1111657020.htm,1
http://news.xinhuanet.com/edu/2013-11/12/c_125686267.htm,1
http://news.xinhuanet.com/local/2014-07/18/c_126767346.htm,1
http://news.xinhuanet.com/fortune/2009-12/27/content_12711624.htm,1
http://news.xinhuanet.com/world/2014-07/18/c_126767421.htm,1
http://news.xinhuanet.com/health/2008-02/09/content_7583036.htm,1
http://news.xinhuanet.com/world/2014-07/17/c_126766484.htm,1
http://news.xinhuanet.com/2014-07/17/c_1111670981_3.htm,1
http://news.xinhuanet.com/2014-07/17/c_1111670981_4.htm,1
http://news.xinhuanet.com/2014-07/17/c_1111670981_6.htm,1
http://news.xinhuanet.com/2014-07/17/c_1111652455.htm,1
http://news.xinhuanet.com/life/2008-05/13/content_7672504.htm,1
http://news.xinhuanet.com/tech/2009-05/31/content_11459518.htm,1
http://news.xinhuanet.com/sports/2013-09/06/c_125337957.htm,1
http://news.xinhuanet.com/renshi/2013-01/29/m_114544632.htm,1
http://news.xinhuanet.com/newscenter/2004-06/07/content_1512653.htm,1
http://news.xinhuanet.com/employment/2008-03/24/content_7845591.htm,1
http://news.xinhuanet.com/photo/2014-07/16/c_126760151.htm,1
http://news.xinhuanet.com/mil/2014-07/16/c_126761419_3.htm,1
http://news.xinhuanet.com/video/2009-03/02/content_10926017.htm,1
http://news.xinhuanet.com/auto/2005-04/27/content_2884654.htm,1
http://news.xinhuanet.com/fortune/2012-02/28/c_122764062.htm,1
http://news.xinhuanet.com/world/2014-07/17/c_126762343.htm,1
http://news.xinhuanet.com/world/2004-03/25/content_1383951.htm,1
http://news.xinhuanet.com/ent/2014-07/18/c_126769601.htm,1
http://news.xinhuanet.com/newmedia/2005-10/24/content_3675981.htm,1
http://news.xinhuanet.com/edu/2014-07/18/c_1111674976.htm,1
http://news.xinhuanet.com/world/2012-05/21/c_123167223_2.htm,1
http://news.xinhuanet.com/world/2014-07/14/c_1111606116.htm,1
http://news.xinhuanet.com/school/2007-12/18/content_7272967.htm,1
http://news.xinhuanet.com/tech/2014-06/04/c_126577261.htm,1
http://news.xinhuanet.com/jiadian/2012-07/19/c_123432857.htm,1
http://news.xinhuanet.com/mil/2013-12/18/c_125875761.htm,1
http://news.xinhuanet.com/forum/2005-05/17/content_2961787.htm,1
http://news.xinhuanet.com/mil/2013-11/09/c_125676958.htm,1
http://news.xinhuanet.com/mil/2013-09/03/c_125299143_6.htm,1
http://news.xinhuanet.com/mil/2013-09/03/c_125299143_7.htm,1
http://news.xinhuanet.com/mil/2013-09/03/c_125299143_10.htm,1
http://news.xinhuanet.com/comments/2014-07/17/c_1111673699.htm,1
http://news.xinhuanet.com/mil/2014-06/24/c_126662797_3.htm,1
http://news.xinhuanet.com/mil/2013-05/14/c_124709191_6.htm,1
http://news.xinhuanet.com/yzyd/travel/20140709/c_1111524638.htm,1
http://news.xinhuanet.com/photo/2014-07/18/c_126770297_8.htm,1
http://news.xinhuanet.com/photo/2014-07/18/c_126770297_11.htm,1
http://news.xinhuanet.com/photo/2014-07/18/c_126770297_14.htm,1
http://news.xinhuanet.com/photo/2014-07/18/c_126770297_20.htm,1
http://news.xinhuanet.com/ent/2014-07/18/c_126767720_2.htm,1
http://news.xinhuanet.com/mil/2014-06/16/c_126626023_2.htm,1
http://news.xinhuanet.com/mil/2014-06/06/c_126585597_9.htm,1
http://news.xinhuanet.com/food/2013-09/09/c_125265780_9.htm,1
http://news.xinhuanet.com/photo/2014-07/18/c_126770156.htm,1
http://news.xinhuanet.com/newmedia/2005-10/13/content_3611060_1.htm,1
http://news.xinhuanet.com/travel/2014-07/17/c_126763628.htm,1
http://news.xinhuanet.com/edu/2004-11/20/content_2240821_1.htm,1
http://news.xinhuanet.com/gangao/2014-07/18/c_126769810_8.htm,1
http://news.xinhuanet.com/auto/2014-04/29/c_126444756_10.htm,1
http://news.xinhuanet.com/mil/2014-07/07/c_126696819.htm,1
http://news.xinhuanet.com/photo/2011-05/06/c_121387731_3.htm,1
http://news.xinhuanet.com/photo/2011-05/06/c_121387731_9.htm,1
http://news.xinhuanet.com/lianzheng/2014-07/18/c_126770594.htm,1
http://news.xinhuanet.com/health/2013-05/03/c_124660431.htm,1
http://news.xinhuanet.com/politics/2014-05/10/c_1110626551_2.htm,1
http://news.xinhuanet.com/mil/2014-07/18/c_126767431_2.htm,1
http://news.xinhuanet.com/fortune/2014-07/17/c_1111672706.htm,1
http://news.xinhuanet.com/newscenter/2004-09/20/content_1995610.htm,1
http://news.xinhuanet.com/ent/2014-07/12/c_126743368.htm,1
http://news.xinhuanet.com/ent/2014-07/12/c_126743368_6.htm,1
http://news.xinhuanet.com/mil/2005-09/15/content_3492358.htm,1
http://news.xinhuanet.com/yzyd/world/20140718/c_1111693705.htm,1
http://news.xinhuanet.com/energy/2014-07/18/c_1111685532.htm,1
http://news.xinhuanet.com/local/2014-07/17/c_1111653279.htm,1
http://news.xinhuanet.com/ent/2007-08/21/content_6574554.htm,1
http://news.xinhuanet.com/politics/2014-07/18/c_126769343.htm,1
http://news.xinhuanet.com/world/2014-07/16/c_126760028.htm,1
http://news.xinhuanet.com/house/cq/2014-07-16/c_1111632935.htm,1
http://news.xinhuanet.com/photo/2013-08/27/m_125252535.htm,1
http://news.xinhuanet.com/tw/2014-07/17/c_126763109.htm,1
http://news.xinhuanet.com/forum/2005-03/16/content_2700289.htm,1
http://news.xinhuanet.com/photo/2011-04/02/c_121260920_2.htm,1
http://news.xinhuanet.com/fortune/2014-07/17/c_1111672765.htm,1
http://news.xinhuanet.com/fortune/2014-07/17/c_1111672765_2.htm,1
http://news.xinhuanet.com/ent/2014-07/17/c_126764373.htm,1
http://news.xinhuanet.com/photo/2014-07/18/c_126767274_5.htm,1
http://news.xinhuanet.com/photo/2014-07/18/c_126767274_10.htm,1
http://news.xinhuanet.com/legal/2014-07/17/c_1111668927.htm,1
http://news.xinhuanet.com/photo/2012-11/27/c_124011961_2.htm,1
http://news.xinhuanet.com/politics/2014-07/17/c_126762320_2.htm,1
http://news.xinhuanet.com/2013-05/29/m_124779878_2.htm,1
http://news.xinhuanet.com/mil/2005-07/31/content_3282815.htm,1
http://news.xinhuanet.com/world/2014-07/17/c_126764803.htm,1
http://news.xinhuanet.com/edu/2014-07/11/c_126739142.htm,1
http://news.xinhuanet.com/yzyd/world/20140718/c_1111677542.htm,1
http://news.xinhuanet.com/politics/2007-07/27/content_6439377.htm,1
http://news.xinhuanet.com/book/2013-11/08/c_125671561_3.htm,1
http://news.xinhuanet.com/2012-04/20/c_123014102.htm,1
http://news.xinhuanet.com/2014-07/17/c_1111670981_8.htm,1
http://news.xinhuanet.com/info/2014-07/18/c_133492886.htm,1
http://news.xinhuanet.com/mrdx/2007-07/15/content_6377461.htm,1
http://news.xinhuanet.com/ent/2014-07/14/c_126747305.htm,1
http://news.xinhuanet.com/mrdx/2008-02/23/content_7652869.htm,1
http://news.xinhuanet.com/ziliao/2002-11/18/content_633225_3.htm,1
http://news.xinhuanet.com/ziliao/2003-04/04/content_816563.htm,1
http://news.xinhuanet.com/newscenter/2007-10/25/content_6942887.htm,1
http://news.xinhuanet.com/local/2014-07/15/c_1111626618.htm,1
http://news.xinhuanet.com/house/gz/2014-04-03/c_1110080860.htm,1
http://news.xinhuanet.com/yzyd/house/20140718/c_1111675800.htm,1
http://news.xinhuanet.com/local/2014-07/18/c_1111673618.htm,1
http://news.xinhuanet.com/comments/2013-12/02/c_118373875.htm,1
http://news.xinhuanet.com/info/2014-01/20/c_133058276_2.htm,1
http://news.xinhuanet.com/ent/2014-07/15/c_126755486.htm,1
http://news.xinhuanet.com/politics/2013-01/28/c_124288079_2.htm,1
http://news.xinhuanet.com/banyt/2005-12/05/content_3877794.htm,1
http://news.xinhuanet.com/fortune/2014-07/18/c_126767238.htm,1
http://news.xinhuanet.com/newscenter/2006-04/03/content_4379550.htm,1
http://news.xinhuanet.com/world/2014-07/18/c_126769329.htm,1
http://news.xinhuanet.com/newscenter/2006-06/13/content_4688542.htm,1
http://news.xinhuanet.com/video/2008-12/10/content_10481015.htm,1
http://news.xinhuanet.com/mil/2006-03/23/content_4336966.htm,1
http://news.xinhuanet.com/forum/2008-06/24/content_8428677.htm,1
http://news.xinhuanet.com/world/2014-07/18/c_126767384.htm,1
http://news.xinhuanet.com/food/2005-03/18/content_2712839.htm,1
http://news.xinhuanet.com/fortune/2014-07/15/c_1111615878.htm,1
http://news.xinhuanet.com/tech/2014-06/04/c_126577261_2.htm,1
http://news.xinhuanet.com/photo/2014-07/18/c_126768024.htm,1
http://news.xinhuanet.com/mil/2013-11/09/c_125676958_3.htm,1
http://news.xinhuanet.com/ziliao/2004-06/22/content_1540150.htm,1
http://news.xinhuanet.com/energy/2014-07/18/c_1111688063.htm,1
http://news.xinhuanet.com/fortune/2012-09/18/c_123731587.htm,1
http://news.xinhuanet.com/mil/2013-09/03/c_125299143_5.htm,1
http://news.xinhuanet.com/mil/2013-08/12/c_125154750_3.htm,1
http://news.xinhuanet.com/mil/2013-06/06/c_124818951_10.htm,1
http://news.xinhuanet.com/edu/2014-07/18/c_1111676680.htm,1
http://news.xinhuanet.com/ent/2014-07/18/c_126769225_2.htm,1
http://news.xinhuanet.com/mil/2013-05/14/c_124709191_4.htm,1
http://news.xinhuanet.com/mil/2013-05/14/c_124709191_8.htm,1
http://news.xinhuanet.com/world/2014-07/18/c_126769562_4.htm,1
http://news.xinhuanet.com/photo/2014-07/18/c_126770297_2.htm,1
http://news.xinhuanet.com/photo/2014-07/18/c_126770297_15.htm,1
http://news.xinhuanet.com/photo/2014-07/18/c_126770297_18.htm,1
http://news.xinhuanet.com/mil/2014-07/18/c_126767032_5.htm,1
http://news.xinhuanet.com/mil/2014-06/06/c_126585597.htm,1
http://news.xinhuanet.com/mil/2014-06/06/c_126585597_10.htm,1
http://news.xinhuanet.com/legal/2007-11/19/content_7103019_5.htm,1
http://news.xinhuanet.com/world/2014-07/18/c_126766629_2.htm,1
http://news.xinhuanet.com/newscenter/2008-10/07/content_10158501.htm,1
http://news.xinhuanet.com/local/2014-07/18/c_1111673618_2.htm,1
http://news.xinhuanet.com/world/2014-07/18/c_1111692144.htm,1
http://news.xinhuanet.com/mil/2014-07/18/c_126770016_12.htm,1
http://news.xinhuanet.com/world/2014-07/18/c_1111692766.htm,1
http://news.xinhuanet.com/world/2014-07/18/c_126770468.htm,1
http://news.xinhuanet.com/gangao/2014-07/18/c_126769816.htm,1
http://news.xinhuanet.com/gangao/2014-07/18/c_126769810.htm,1
http://news.xinhuanet.com/gangao/2014-07/18/c_126769810_5.htm,1
http://news.xinhuanet.com/ent/2014-05/22/c_126535240.htm,1
http://news.xinhuanet.com/video/2009-09/24/content_12105041.htm,1
http://news.xinhuanet.com/auto/2014-04/29/c_126444756_11.htm,1
http://news.xinhuanet.com/yzyd/world/20140718/c_1111692836.htm,1
http://news.xinhuanet.com/legal/2009-05/18/content_11394878_1.htm,1
http://news.xinhuanet.com/newscenter/2002-09/10/content_556729.htm,1
http://news.xinhuanet.com/photo/2011-05/06/c_121387731_5.htm,1
http://news.xinhuanet.com/yzyd/mil/20140718/c_1111679665.htm,1
http://news.xinhuanet.com/mil/2014-07/18/c_126770375.htm,1
http://news.xinhuanet.com/mil/2014-07/18/c_126770375_3.htm,1
http://news.xinhuanet.com/ent/2014-07/12/c_126743368_10.htm,1
http://news.xinhuanet.com/yzyd/local/20140718/c_1111693890.htm,1
http://news.xinhuanet.com/zhengfu/2003-06/12/content_916235.htm,1
http://news.xinhuanet.com/tw/2014-06/02/c_126572091.htm,1
http://news.xinhuanet.com/world/2014-07/18/c_1111687303.htm,1
http://news.xinhuanet.com/society/2012-03/14/c_111649023_2.htm,1
http://news.xinhuanet.com/mil/2014-01/20/c_126013472.htm,1
http://news.xinhuanet.com/newscenter/2007-10/23/content_6925972.htm,1
http://news.xinhuanet.com/ent/2014-07/10/c_126735140_2.htm,1
http://news.xinhuanet.com/auto/2011-07/08/c_121639501_2.htm,1
http://news.xinhuanet.com/auto/2011-07/08/c_121639501_5.htm,1
http://news.xinhuanet.com/local/2014-07/03/c_1111445670.htm,1
http://news.xinhuanet.com/ziliao/2004-06/30/content_1557356.htm,1
http://news.xinhuanet.com/tech/2008-11/06/content_10315694.htm,1
http://news.xinhuanet.com/fashion/2013-03/25/c_124491981_2.htm,1
http://news.xinhuanet.com/health/2014-07/17/c_126761289.htm,1
http://news.xinhuanet.com/2014-07/17/c_1111673048.htm,1
http://news.xinhuanet.com/it/2005-05/16/content_2962272.htm,1
http://news.xinhuanet.com/ent/2014-04/30/c_126448006.htm,1
http://news.xinhuanet.com/photo/2014-07/18/c_126767274_8.htm,1
http://news.xinhuanet.com/mil/2009-11/16/content_12465511.htm,1
http://news.xinhuanet.com/legal/2014-07/17/c_126764651.htm,1
http://news.xinhuanet.com/2013-05/07/c_115674043.htm,1
http://news.xinhuanet.com/local/2014-07/18/c_126767408_5.htm,1
http://news.xinhuanet.com/2014-07/16/c_1111650063.htm,1
http://news.xinhuanet.com/employment/2007-12/13/content_7241372.htm,1
http://news.xinhuanet.com/book/2010-01/28/content_12890557.htm,1
http://news.xinhuanet.com/expo/2014-04/22/c_126419703.htm,1
http://news.xinhuanet.com/mrdx/2014-02/20/c_133128576.htm,1
http://news.xinhuanet.com/edu/2013-07/11/c_124994386.htm,1
http://news.xinhuanet.com/newscenter/2002-03/29/content_337158.htm,1
http://news.xinhuanet.com/overseas/2014-07/17/c_126765362.htm,1
http://news.xinhuanet.com/fortune/2013-10/30/c_125622371.htm,1
http://news.xinhuanet.com/legal/2014-07/18/c_126767750.htm,1
http://news.xinhuanet.com/ziliao/2002-11/18/content_633225_2.htm,1
http://news.xinhuanet.com/yzyd/local/20140718/c_1111678721.htm,1
http://news.xinhuanet.com/mil/2014-07/16/c_126761419_4.htm,1
http://news.xinhuanet.com/zlft/2009-02/28/content_10918332.htm,1
http://news.xinhuanet.com/2014-07/18/c_1111673888.htm,1
http://news.xinhuanet.com/ent/2014-07/17/c_126764869.htm,1
http://news.xinhuanet.com/book/2005-09/06/content_3448714.htm,1
http://news.xinhuanet.com/photo/2014-07/17/c_126766542.htm,1
http://news.xinhuanet.com/ent/2014-07/18/c_126767726_2.htm,1
http://news.xinhuanet.com/mobile/2012-10/08/c_131892304.htm,1
http://news.xinhuanet.com/classad/2008-06/26/content_8444752_1.htm,1
http://news.xinhuanet.com/newscenter/2002-11/15/content_631564.htm,1
http://news.xinhuanet.com/politics/2008-02/01/content_7545721.htm,1
http://news.xinhuanet.com/forum/2005-11/11/content_3761248_3.htm,1
http://news.xinhuanet.com/ent/2014-07/17/c_126764884.htm,1
http://news.xinhuanet.com/house/cq/2014-07-18/c_1111675481.htm,1
http://news.xinhuanet.com/ent/2014-07/18/c_126768226.htm,1
http://news.xinhuanet.com/world/2014-07/18/c_1111686230.htm,1
http://news.xinhuanet.com/yzyd/world/20140718/c_1111687018.htm,1
http://news.xinhuanet.com/finance/2014-07/18/c_126766266_8.htm,1
http://news.xinhuanet.com/world/2014-07/18/c_126768189.htm,1
http://news.xinhuanet.com/mil/2013-11/09/c_125676958_6.htm,1
http://news.xinhuanet.com/mil/2013-11/09/c_125676958_8.htm,1
http://news.xinhuanet.com/mil/2013-09/03/c_125299143_9.htm,1
http://news.xinhuanet.com/2013lh/2013-03/16/m_115051028.htm,1
http://news.xinhuanet.com/mil/2013-07/22/c_125041959_4.htm,1
http://news.xinhuanet.com/mil/2013-07/22/c_125041936.htm,1
http://news.xinhuanet.com/mil/2013-06/06/c_124818951_9.htm,1
http://news.xinhuanet.com/tw/2014-07/16/c_126760639.htm,1
http://news.xinhuanet.com/ent/2013-11/21/c_125737690_2.htm,1
http://news.xinhuanet.com/mil/2013-05/14/c_124709191_9.htm,1
http://news.xinhuanet.com/mil/2013-05/14/c_124706130_3.htm,1
http://news.xinhuanet.com/mil/2013-05/02/c_124655785_2.htm,1
http://news.xinhuanet.com/politics/2013-05/02/c_124653351.htm,1
http://news.xinhuanet.com/2014-03/20/c_119869927.htm,1
http://news.xinhuanet.com/photo/2014-07/18/c_126770297_3.htm,1
http://news.xinhuanet.com/legal/2006-02/27/content_4235355.htm,1
http://news.xinhuanet.com/photo/2014-07/18/c_126770297_10.htm,1
http://news.xinhuanet.com/photo/2014-07/18/c_126770297_13.htm,1
http://news.xinhuanet.com/world/2014-07/17/c_1111673496.htm,1
http://news.xinhuanet.com/fortune/2005-12/19/content_3942063.htm,1
http://news.xinhuanet.com/mil/2014-07/16/c_126757396_3.htm,1
http://news.xinhuanet.com/legal/2014-07/18/c_126768617.htm,1
http://news.xinhuanet.com/school/2008-01/15/content_7423231.htm,1
http://news.xinhuanet.com/politics/2014-07/18/c_126767139.htm,1
http://news.xinhuanet.com/photo/2014-07/15/c_126753236_2.htm,1
http://news.xinhuanet.com/local/2014-07/18/c_1111673618_7.htm,1
http://news.xinhuanet.com/legal/2014-07/18/c_126769134_4.htm,1
http://news.xinhuanet.com/ent/2014-07/18/c_126767358.htm,1
http://news.xinhuanet.com/photo/2014-07/17/c_126765618_7.htm,1
http://news.xinhuanet.com/world/2011-01/21/c_121006791.htm,1
http://news.xinhuanet.com/gangao/2014-07/18/c_126769810_6.htm,1
http://news.xinhuanet.com/auto/2014-04/29/c_126444756_12.htm,1
http://news.xinhuanet.com/auto/2014-06/25/c_126663559_4.htm,1
http://news.xinhuanet.com/politics/2013-06/14/c_124853576_2.htm,1
http://news.xinhuanet.com/photo/2014-07/18/c_126771017_3.htm,1
http://news.xinhuanet.com/photo/2011-05/06/c_121387731_6.htm,1
http://news.xinhuanet.com/2014-07/06/c_126716161.htm,1
http://news.xinhuanet.com/employment/2009-10/22/content_12298357.htm,1
http://news.xinhuanet.com/politics/2011-02/20/c_121101832_2.htm,1
http://news.xinhuanet.com/photo/2012-05/28/c_123201111_2.htm,1
http://news.xinhuanet.com/food/2013-03/09/c_124436911.htm,1
http://news.xinhuanet.com/photo/2014-07/18/c_126771110.htm,1
http://news.xinhuanet.com/newscenter/2001-02/27/content_81569.htm,1
http://news.xinhuanet.com/yzyd/ent/20140718/c_1111693532.htm,1
http://news.xinhuanet.com/info/2013-11/15/c_132884898.htm,1
http://news.xinhuanet.com/ent/2014-07/18/c_126768223.htm,1
http://news.xinhuanet.com/photo/2014-07/18/c_126770297.htm,2
http://news.xinhuanet.com/ent/2014-07/18/c_126770296.htm,2
http://news.xinhuanet.com/energy/2014-07/18/c_1111693370.htm,2
http://news.xinhuanet.com/ziliao/2002-01/16/content_240483.htm,2
http://news.xinhuanet.com/2014-07/18/c_1111673978.htm,2
http://news.xinhuanet.com/ent/2014-06/19/c_126639848.htm,2
http://news.xinhuanet.com/fortune/2014-07/17/c_126765967.htm,2
http://news.xinhuanet.com/mil/2014-07/16/c_126761419_6.htm,2
http://news.xinhuanet.com/mil/2013-05/02/c_124655785.htm,2
http://news.xinhuanet.com/mil/2014-06/16/c_126626023.htm,2
http://news.xinhuanet.com/info/2014-07/09/c_133470206.htm,2
http://news.xinhuanet.com/photo/2014-07/17/c_126765618.htm,2
http://news.xinhuanet.com/local/2011-06/22/c_121570350.htm,2
http://news.xinhuanet.com/tw/2014-05/30/c_126566377.htm,2
http://news.xinhuanet.com/legal/2014-07/16/c_126757443.htm,2
http://news.xinhuanet.com/society/2009-07/08/content_11672905.htm,2
http://news.xinhuanet.com/forum/2014-07/16/c_126755449.htm,2
http://news.xinhuanet.com/mil/2014-07/18/c_126767143_2.htm,2
http://news.xinhuanet.com/yzyd/local/20140718/c_1111684980.htm,2
http://news.xinhuanet.com/politics/2014-07/18/c_1111684079.htm,2
http://news.xinhuanet.com/forum/2014-07/13/c_126745605.htm,2
http://news.xinhuanet.com/sports/2014-07/18/c_6771085.htm,2
http://news.xinhuanet.com/world/2014-07/18/c_126771104.htm,2
http://news.xinhuanet.com/mil/2014-07/07/c_126696819_2.htm,2
http://news.xinhuanet.com/politics/2014-07/17/c_126760919.htm,2
http://news.xinhuanet.com/photo/2014-07/18/c_126768087.htm,2
http://news.xinhuanet.com/society/2007-05/12/content_6090120.htm,2
http://news.xinhuanet.com/finance/2014-07/18/c_126766266_3.htm,2
http://news.xinhuanet.com/finance/2014-07/18/c_126766266_6.htm,2
http://news.xinhuanet.com/ent/2014-07/18/c_126768222.htm,2
http://news.xinhuanet.com/world/2014-07/18/c_126770751.htm,2
http://news.xinhuanet.com/mil/2014-06/16/c_126626023_4.htm,2
http://news.xinhuanet.com/yzyd/overseas/20140718/c_1111692337.htm,2
http://news.xinhuanet.com/it/2001-10/23/content_53632.htm,2
http://news.xinhuanet.com/2014-07/18/c_126766886.htm,2
http://news.xinhuanet.com/mil/2014-07/14/c_126747833.htm,2
http://news.xinhuanet.com/ziliao/2002-01/25/content_253773.htm,2
http://news.xinhuanet.com/politics/2014-07/18/c_126767997.htm,2
http://news.xinhuanet.com/mil/2014-07/16/c_126761419_5.htm,2
http://news.xinhuanet.com/politics/2014-07/18/c_1111683906.htm,2
http://news.xinhuanet.com/travel/2007-10/03/content_6823726.htm,2
http://news.xinhuanet.com/sports/2014-07/18/c_126768126.htm,2
http://news.xinhuanet.com/world/2014-07/18/c_126769244.htm,2
http://news.xinhuanet.com/ent/2014-07/18/c_126770418.htm,2
http://news.xinhuanet.com/yzyd/legal/20140718/c_126770246_2.htm,2
http://news.xinhuanet.com/food/2005-03/09/content_2671349_1.htm,2
http://news.xinhuanet.com/comments/2014-07/16/c_1111648729.htm,2
http://news.xinhuanet.com/2014-07/18/c_1111674906.htm,2
http://news.xinhuanet.com/2013-11/28/m_118337156.htm,2
http://news.xinhuanet.com/mil/2014-07/18/c_126767034.htm,2
http://news.xinhuanet.com/2014-07/17/c_126766819.htm,2
http://news.xinhuanet.com/finance/2014-07/18/c_126766266_4.htm,2
http://news.xinhuanet.com/lianzheng/2009-12/28/content_12718119.htm,2
http://news.xinhuanet.com/ent/2014-07/18/c_126768973.htm,2
http://news.xinhuanet.com/legal/2014-07/18/c_126769134.htm,2
http://news.xinhuanet.com/edu/2014-07/05/c_126714214_2.htm,2
http://news.xinhuanet.com/local/2014-07/18/c_126767221_3.htm,2
http://news.xinhuanet.com/photo/2014-07/18/c_126770909.htm,2
http://news.xinhuanet.com/ent/2014-07/17/c_126765908.htm,2
http://news.xinhuanet.com/ent/2013-11/21/c_125737690.htm,2
http://news.xinhuanet.com/collection/2010-07/30/content_13939601.htm,2
http://news.xinhuanet.com/newmedia/2005-04/06/content_2792985.htm,2
http://news.xinhuanet.com/local/2014-07/18/c_126767408_2.htm,2
http://news.xinhuanet.com/ent/2014-07/18/c_126767727.htm,2
http://news.xinhuanet.com/world/2014-07/18/c_126766629.htm,2
http://news.xinhuanet.com/mil/2014-07/18/c_126767032_2.htm,2
http://news.xinhuanet.com/life/2007-03/19/content_5866646.htm,2
http://news.xinhuanet.com/photo/2014-07/18/c_126769469.htm,2
http://news.xinhuanet.com/yzyd/culture/20140718/c_1111684201.htm,2
http://news.xinhuanet.com/world/2014-07/17/c_126766836.htm,2
http://news.xinhuanet.com/food/2013-09/09/c_125265780_7.htm,2
http://news.xinhuanet.com/politics/2009-04/06/content_11137027_1.htm,2
http://news.xinhuanet.com/local/2014-07/18/c_1111693225.htm,2
http://news.xinhuanet.com/overseas/2014-07/18/c_126766533.htm,2
http://news.xinhuanet.com/fashion/2013-10/09/c_125470387.htm,2
http://news.xinhuanet.com/local/2014-07/18/c_126767408.htm,2
http://news.xinhuanet.com/local/2014-07/17/c_1111672256.htm,2
http://news.xinhuanet.com/politics/2014-07/17/c_1111673270.htm,2
http://news.xinhuanet.com/energy/2013-08/14/c_125163977.htm,2
http://news.xinhuanet.com/overseas/2014-07/18/c_126767852.htm,2
http://news.xinhuanet.com/yzyd/local/20140718/c_1111679705.htm,2
http://news.xinhuanet.com/comments/2010-02/11/content_12967503.htm,2
http://news.xinhuanet.com/photo/2014-07/12/c_126743756.htm,2
http://news.xinhuanet.com/photo/2014-07/18/c_126769284_2.htm,2
http://news.xinhuanet.com/finance/2014-07/18/c_126766266_2.htm,2
http://news.xinhuanet.com/politics/2013-05/02/c_124655271.htm,2
http://news.xinhuanet.com/mil/2014-06/16/c_126626023_3.htm,2
http://news.xinhuanet.com/yzyd/world/20140718/c_1111689246.htm,2
http://news.xinhuanet.com/3gnews/2013-11/17/m_125715719.htm,2
http://news.xinhuanet.com/lianzheng/2014-07/17/c_126762252.htm,2
http://news.xinhuanet.com/2014-07/17/c_1111673487.htm,2
http://news.xinhuanet.com/yzyd/world/20140718/c_1111674148.htm,2
http://news.xinhuanet.com/local/2014-07/18/c_126767408_3.htm,2
http://news.xinhuanet.com/world/2014-07/17/c_126765384.htm,2
http://news.xinhuanet.com/photo/2014-07/17/c_126766287.htm,2
http://news.xinhuanet.com/city/2014-07/07/c_126721408.htm,2
http://news.xinhuanet.com/world/2014-07/18/c_1111673957.htm,2
http://news.xinhuanet.com/mil/2013-07/22/c_125041936_2.htm,2
http://news.xinhuanet.com/photo/2014-07/18/c_126769858.htm,3
http://news.xinhuanet.com/mrdx/2006-07/01/content_4778734.htm,3
http://news.xinhuanet.com/photo/2014-07/12/c_126743764.htm,3
http://news.xinhuanet.com/newscenter/2002-12/06/content_651677.htm,3
http://news.xinhuanet.com/local/2007-03/13/content_5840830.htm,3
http://news.xinhuanet.com/2014-07/18/c_133492473.htm,3
http://news.xinhuanet.com/politics/2014-07/17/c_1111672855.htm,3
http://news.xinhuanet.com/legal/2009-12/11/content_12630616_1.htm,3
http://news.xinhuanet.com/2014-07/16/c_1111646726.htm,3
http://news.xinhuanet.com/local/2014-07/18/c_126767221.htm,3
http://news.xinhuanet.com/gangao/2014-07/17/c_126766841.htm,3
http://news.xinhuanet.com/world/2014-07/18/c_126769806.htm,3
http://news.xinhuanet.com/zhengfu/2005-03/02/content_2638794.htm,3
http://news.xinhuanet.com/yzyd/world/20140718/c_1111675836.htm,3
http://news.xinhuanet.com/photo/2014-07/17/c_126765944.htm,3
http://news.xinhuanet.com/health/2007-01/03/content_5561325.htm,3
http://news.xinhuanet.com/overseas/2014-07/18/c_126767995.htm,3
http://news.xinhuanet.com/local/2014-07/18/c_126767221_2.htm,3
http://news.xinhuanet.com/politics/2014-07/18/c_1111683039.htm,3
http://news.xinhuanet.com/world/2014-07/18/c_126766235.htm,3
http://news.xinhuanet.com/ent/2014-07/11/c_126738346.htm,3
http://news.xinhuanet.com/photo/2014-07/18/c_1111673833.htm,4
http://news.xinhuanet.com/politics/2014-07/18/c_1111675499.htm,4
http://news.xinhuanet.com/world/2014-07/18/c_1111674062.htm,4
http://news.xinhuanet.com/2014-07/18/c_126767140.htm,4
http://news.xinhuanet.com/ziliao/2002-03/04/content_298986.htm,4
http://news.xinhuanet.com/photo/2014-07/17/c_126765877.htm,4
http://news.xinhuanet.com/book/2003-05/16/content_872721.htm,4
http://news.xinhuanet.com/ent/2014-07/18/c_126767720.htm,4
http://news.xinhuanet.com/auto/2014-07/17/c_126762890.htm,4
http://news.xinhuanet.com/ent/2014-07/18/c_126767726.htm,4
http://news.xinhuanet.com/2014-07/18/c_1111673979.htm,4
http://news.xinhuanet.com/mil/2014-07/18/c_126767032.htm,4
http://news.xinhuanet.com/fortune/2014-07/18/c_126767324.htm,4
http://news.xinhuanet.com/ent/2014-07/18/c_126770358.htm,4
http://news.xinhuanet.com/misc/2008-03/15/content_7794025.htm,4
http://news.xinhuanet.com/2014-07/17/c_1111673789.htm,4
http://news.xinhuanet.com/ent/2014-07/18/c_126769250.htm,5
http://news.xinhuanet.com/video/2008-04/22/content_8026249.htm,5
http://news.xinhuanet.com/ent/2014-07/18/c_126769225.htm,5
http://news.xinhuanet.com/politics/2014-07/18/c_1111692759.htm,5
http://news.xinhuanet.com/ziliao/2005-09/27/content_3549031.htm,5
http://news.xinhuanet.com/2014-07/17/c_1111670981.htm,5
http://news.xinhuanet.com/photo/2014-07/18/c_126771017.htm,5
http://news.xinhuanet.com/yzyd/legal/20140718/c_126770377.htm,5
http://news.xinhuanet.com/video/2005-12/26/content_3969316.htm,6
http://news.xinhuanet.com/legal/2014-07/17/c_126765106.htm,6
http://news.xinhuanet.com/local/2014-07/18/c_1111676694.htm,6
http://news.xinhuanet.com/auto/2014-07/17/c_126765400.htm,6
http://news.xinhuanet.com/fortune/2014-07/17/c_1111673571.htm,6
http://news.xinhuanet.com/ent/2014-07/18/c_126768683.htm,6
http://news.xinhuanet.com/2014-07/18/c_126766910.htm,6
http://news.xinhuanet.com/legal/2014-07/17/c_1111653623.htm,7
http://news.xinhuanet.com/ent/2014-07/17/c_126764177.htm,7
http://news.xinhuanet.com/politics/2014-07/17/c_1111673632.htm,7
http://news.xinhuanet.com/finance/2014-07/18/c_126766266.htm,7
http://news.xinhuanet.com/overseas/2014-07/18/c_126763554.htm,7
http://news.xinhuanet.com/tech/2014-07/18/c_126769482.htm,7
http://news.xinhuanet.com/ad/xilan/xilan_button.htm,7
http://news.xinhuanet.com/photo/2014-07/18/c_126767274.htm,7
http://news.xinhuanet.com/politics/2014-07/18/c_1111692108.htm,7
http://news.xinhuanet.com/overseas/2014-07/18/c_126769656.htm,7
http://news.xinhuanet.com/legal/2014-07/18/c_126769860.htm,7
http://news.xinhuanet.com/legal/2014-07/17/c_126763064.htm,7
http://news.xinhuanet.com/world/2014-07/18/c_126767523.htm,8
http://news.xinhuanet.com/blank-policy.htm,8
http://news.xinhuanet.com/politics/2014-07/18/c_1111680722.htm,9
http://news.xinhuanet.com/legal/2014-07/17/c_126763064_3.htm,10
http://news.xinhuanet.com/world/2014-07/18/c_126769452.htm,11
http://news.xinhuanet.com/world/2014-07/18/c_126767375.htm,11
http://news.xinhuanet.com/mil/2014-07/18/c_126767143.htm,12
http://news.xinhuanet.com/fortune/2014-07/17/c_1111665577.htm,12
http://news.xinhuanet.com/world/2014-07/18/c_1111673806.htm,12
http://news.xinhuanet.com/yzyd/local/20140718/c_1111685703.htm,12
http://news.xinhuanet.com/photo/2012-12/28/m_124164383.htm,14
http://news.xinhuanet.com/legal/2014-07/18/c_1111689273.htm,15
http://news.xinhuanet.com/forum/2013-11/28/c_125774745.htm,21
http://news.xinhuanet.com/world/2014-07/17/c_1111672986.htm,24
http://news.xinhuanet.com/mil/2014-07/18/c_126767431.htm,24
http://news.xinhuanet.com/legal/2014-07/17/c_126763064_2.htm,41
